user_id,place_id,review_text,timestamp
u0,p1,Really enjoyed the vibrant street markets in Bangkok but it was a bit chaotic for my taste.,2025-01-15 10:23:45
u0,p3,Cape Town's views are stunning but I found the city a bit underwhelming.,2024-11-20 14:56:12
u0,p5,Kyoto's temples and gardens were absolutely serene a must-visit!,2024-09-10 08:34:27
u0,p7,Bali was a tropical paradise but some areas felt too touristy.,2025-03-05 12:11:09
u0,p9,Queenstown's adventure activities were fun but I expected more variety.,2024-12-12 16:45:33
u0,p12,Barcelona's architecture is stunning but the crowds were intense.,2025-02-18 09:22:14
u0,p15,Venice's canals are magical truly a unique experience!,2024-10-30 11:57:48
u0,p18,Cairo's pyramids were incredible but the city felt a bit hectic.,2025-04-02 13:19:06
u0,p21,Phuket's beaches were relaxing but nightlife wasn't my thing.,2024-08-25 15:43:21
u0,p25,Hawaii's landscapes were breathtaking a perfect getaway!,2025-05-10 07:28:39
u1,p0,Paris is as romantic as they say loved every moment!,2025-06-12 09:15:22
u1,p6,New York's energy is unmatched but it's a bit overwhelming.,2024-07-18 14:32:56
u1,p10,Amsterdam's canals were charming but I found it a bit pricey.,2025-03-22 11:09:43
u1,p13,Dubai's luxury is incredible but it felt a bit artificial.,2024-09-05 16:27:18
u1,p16,Santorini's sunsets are unreal totally worth the hype!,2025-01-30 08:44:51
u1,p20,London's history is fascinating but the weather was dreary.,2024-11-12 12:36:04
u1,p22,Istanbul's cultural blend is unique but some areas felt crowded.,2025-02-25 10:51:29
u1,p24,Prague's medieval charm is amazing but I wished for more nightlife.,2024-10-15 15:13:37
u1,p27,Nairobi's safari access is great but the city was just okay.,2025-04-18 09:47:53
u1,p30,Edinburgh's castles are stunning a highlight of my trip!,2024-08-10 13:22:16
u2,p2,Rio's beaches and Carnival vibe were fun but safety was a concern.,2025-06-20 11:34:28
u2,p7,Bali's rice terraces were beautiful but too many tourists.,2024-12-05 14:08:42
u2,p14,Cancun's beaches are gorgeous but it's very commercialized.,2025-02-10 09:16:33
u2,p19,Machu Picchu was a bucket-list dream absolutely incredible!,2024-09-25 12:43:57
u2,p23,Singapore's cleanliness and gardens are impressive but it's pricey.,2025-03-15 16:29:11
u2,p26,Buenos Aires has great food and culture but felt a bit chaotic.,2024-11-30 08:55:24
u2,p28,Reykjavik's northern lights were magical a must-see!,2025-01-12 13:17:49
u2,p31,Chiang Mai's temples are serene but I expected more activities.,2024-10-20 10:33:05
u2,p34,Florence's art and history blew me away highly recommend!,2025-04-05 15:46:31
u2,p36,Maldives was pure paradise perfect for relaxation!,2024-08-15 09:12:47
u3,p4,Cape Town's scenery is nice but I wasn't impressed overall.,2025-06-01 11:28:53
u3,p8,Marrakech's souks were vibrant but navigation was tough.,2024-07-25 14:41:09
u3,p11,Tokyo's blend of modern and traditional is amazing!,2025-02-28 09:23:14
u3,p15,Venice's charm is undeniable but it's very crowded.,2024-12-15 12:56:38
u3,p17,Seoul's palaces and tech vibe were cool but food was the highlight!,2025-03-30 16:11:22
u3,p20,London's landmarks are iconic but it's a busy city.,2024-09-15 08:44:46
u3,p25,Hawaii's nature is stunning perfect for outdoor lovers!,2025-01-25 13:29:01
u3,p29,Agra's Taj Mahal is breathtaking but the city is hectic.,2024-11-10 10:52:17
u3,p32,Lisbon's charm and nightlife were great highly recommend!,2025-04-20 15:34:42
u3,p35,Cusco's Inca history is fascinating but altitude was tough.,2024-08-20 09:17:58
u4,p9,Queenstown's views are great but I wanted more adventure options.,2025-05-15 11:43:29
u4,p0,Paris was beautiful but the crowds were a bit much.,2024-10-05 14:26:53
u4,p12,Barcelona's Gaudi sites are amazing but it's touristy.,2025-02-15 09:31:08
u4,p16,Santorini's beauty is unreal a perfect romantic getaway!,2024-12-20 12:54:34
u4,p18,Cairo's history is incredible but the city is overwhelming.,2025-03-25 16:09:49
u4,p21,Phuket's beaches were nice but nightlife wasn't my vibe.,2024-09-10 08:42:13
u4,p24,Prague's castles and bridges are stunning loved it!,2025-01-20 13:27:38
u4,p27,Nairobi's safari access is cool but the city was average.,2024-11-25 10:50:54
u4,p30,Edinburgh's history and festivals were fantastic!,2025-04-15 15:33:19
u4,p33,Hanoi's culture is rich but the traffic was intense.,2024-08-25 09:16:35
u5,p1,Bangkok's markets and temples are vibrant but a bit crowded.,2025-06-05 11:39:50
u5,p5,Kyoto's serene temples were a highlight of my trip!,2024-07-30 14:23:06
u5,p10,Amsterdam's charm is real but it's quite expensive.,2025-03-20 09:28:21
u5,p13,Dubai's skyscrapers are impressive but it felt a bit soulless.,2024-12-10 12:51:47
u5,p17,Seoul's energy and food scene were fantastic!,2025-02-05 16:07:02
u5,p19,Machu Picchu's ruins are awe-inspiring a must-see!,2024-09-20 08:40:28
u5,p22,Istanbul's history is fascinating but it's very busy.,2025-01-15 13:25:44
u5,p26,Buenos Aires' tango and food were great but a bit chaotic.,2024-11-30 10:49:09
u5,p28,Reykjavik's natural beauty is stunning loved the hot springs!,2025-04-10 15:31:34
u5,p31,Chiang Mai's relaxed vibe was nice but I wanted more activities.,2024-08-30 09:14:50
u6,p3,Cape Town's Table Mountain was cool but the city felt average.,2025-05-25 11:36:11
u6,p7,Bali's beaches were nice but it's very touristy.,2024-10-10 14:19:36
u6,p11,Tokyo's culture and energy are incredible!,2025-02-10 09:24:52
u6,p14,Cancun's beaches are beautiful but it's too commercial.,2024-12-25 12:48:17
u6,p16,Santorini's views are breathtaking a perfect destination!,2025-03-30 16:03:33
u6,p20,London's history is rich but it's a bit hectic.,2024-09-25 08:37:58
u6,p23,Singapore's modernity is impressive but it's pricey.,2025-01-20 13:23:14
u6,p25,Hawaii's landscapes are stunning a nature lover's dream!,2024-11-15 10:46:39
u6,p29,Agra's Taj Mahal is a wonder but the city is crowded.,2025-04-25 15:29:04
u6,p32,Lisbon's charm and food were fantastic loved it!,2024-08-15 09:12:20
u7,p2,Rio's Carnival vibe is fun but I felt unsafe at times.,2025-06-10 11:32:41
u7,p8,Marrakech's markets are vibrant but navigation was tricky.,2024-07-20 14:16:06
u7,p12,Barcelona's architecture is stunning but it's very crowded.,2025-03-15 09:21:31
u7,p15,Venice's canals are magical but it's touristy.,2024-12-05 12:44:57
u7,p18,Cairo's pyramids are incredible but the city is chaotic.,2025-02-20 16:00:12
u7,p21,Phuket's beaches were relaxing but nightlife wasn't for me.,2024-09-15 08:34:38
u7,p24,Prague's medieval vibe is amazing highly recommend!,2025-01-10 13:19:53
u7,p27,Nairobi's safari access is great but the city was okay.,2024-11-20 10:43:19
u7,p30,Edinburgh's castles are stunning a fantastic trip!,2025-04-05 15:25:44
u7,p34,Florence's art scene is incredible a must-visit!,2024-08-20 09:09:05
u8,p4,Cape Town's views are nice but I expected more.,2025-06-15 11:29:26
u8,p9,Queenstown's adventure scene is fun but limited variety.,2024-10-15 14:12:51
u8,p11,Tokyo's energy and culture are unmatched!,2025-02-25 09:18:16
u8,p13,Dubai's luxury is impressive but it felt artificial.,2024-12-15 12:41:42
u8,p16,Santorini's beauty is unreal perfect for relaxation!,2025-03-10 15:57:58
u8,p20,London's landmarks are iconic but it's very busy.,2024-09-30 08:31:23
u8,p22,Istanbul's cultural mix is fascinating but crowded.,2025-01-25 13:16:39
u8,p25,Hawaii's nature is breathtaking a great escape!,2024-11-10 10:39:54
u8,p28,Reykjavik's northern lights were magical loved it!,2025-04-20 15:22:20
u8,p31,Chiang Mai's temples are serene but I wanted more activities.,2024-08-25 09:05:50
u9,p0,Paris's art and history are incredible a perfect trip!,2025-06-20 11:26:11
u9,p6,New York's vibe is electric but it's overwhelming.,2024-07-25 14:09:36
u9,p10,Amsterdam's canals are charming but it's pricey.,2025-03-05 09:14:52
u9,p14,Cancun's beaches are gorgeous but very touristy.,2024-12-20 12:38:17
u9,p17,Seoul's food and culture were fantastic!,2025-02-15 15:54:33
u9,p19,Machu Picchu's ruins are a wonder bucket-list worthy!,2024-09-20 08:28:58
u9,p23,Singapore's gardens and tech are impressive but expensive.,2025-01-15 13:13:14
u9,p26,Buenos Aires' culture is vibrant but a bit chaotic.,2024-11-30 10:36:39
u9,p29,Agra's Taj Mahal is stunning but the city is hectic.,2025-04-10 15:19:05
u9,p32,Lisbon's charm and nightlife are fantastic!,2024-08-30 09:02:30
u10,p1,Bangkok's markets are lively but it's a bit overwhelming.,2025-06-25 11:22:56
u10,p5,Kyoto's temples are peaceful a highlight of my trip!,2024-07-30 14:06:21
u10,p12,Barcelona's Gaudi sites are cool but it's crowded.,2025-03-10 09:11:37
u10,p15,Venice's canals are stunning but touristy.,2024-12-25 12:34:53
u10,p18,Cairo's history is incredible but the city is chaotic.,2025-02-20 15:51:18
u10,p21,Phuket's beaches are nice but nightlife wasn't my thing.,2024-09-25 08:25:43
u10,p24,Prague's medieval charm is amazing loved it!,2025-01-20 13:09:59
u10,p27,Nairobi's safari vibe is cool but the city was average.,2024-11-15 10:33:24
u10,p30,Edinburgh's history is fantastic a great trip!,2025-04-15 15:15:50
u10,p33,Hanoi's culture is rich but traffic was intense.,2024-08-20 08:59:15
u11,p2,Rio's beaches are vibrant but I felt unsafe at times.,2025-06-30 11:19:41
u11,p7,Bali's scenery is beautiful but too touristy.,2024-07-25 14:03:06
u11,p11,Tokyo's culture is amazing but it's a bit overwhelming.,2025-03-15 09:08:22
u11,p13,Dubai's luxury is impressive but it felt artificial.,2024-12-30 12:31:38
u11,p16,Santorini's views are breathtaking a must-visit!,2025-02-25 15:48:03
u11,p20,London's history is rich but it's very busy.,2024-09-30 08:22:28
u11,p22,Istanbul's cultural blend is fascinating but crowded.,2025-01-25 13:06:44
u11,p25,Hawaii's landscapes are stunning perfect for nature lovers!,2024-11-20 10:30:09
u11,p28,Reykjavik's northern lights are magical highly recommend!,2025-04-20 15:12:35
u11,p31,Chiang Mai's temples are serene but I wanted more activities.,2024-08-25 08:56:00
u12,p0,Paris's charm is unmatched loved the art and food!,2025-06-05 11:16:26
u12,p6,New York's energy is incredible but it's hectic.,2024-07-30 14:00:51
u12,p10,Amsterdam's canals are lovely but it's pricey.,2025-03-20 09:05:07
u12,p14,Cancun's beaches are beautiful but very commercial.,2024-12-05 12:28:23
u12,p17,Seoul's culture and food are fantastic!,2025-02-10 15:44:48
u12,p19,Machu Picchu is a wonder an unforgettable experience!,2024-09-25 08:19:13
u12,p23,Singapore's modernity is impressive but it's expensive.,2025-01-30 13:03:29
u12,p26,Buenos Aires' tango scene is vibrant but a bit chaotic.,2024-11-25 10:26:54
u12,p29,Agra's Taj Mahal is breathtaking but the city is hectic.,2025-04-25 15:09:20
u12,p32,Lisbon's charm and nightlife are amazing!,2024-08-30 08:52:45
u13,p1,Bangkok's temples are stunning but it's very crowded.,2025-06-10 11:13:11
u13,p5,Kyoto's serene vibe is perfect loved the gardens!,2024-07-25 13:57:36
u13,p12,Barcelona's architecture is incredible but it's touristy.,2025-03-25 09:01:52
u13,p15,Venice's canals are magical but crowded.,2024-12-10 12:25:08
u13,p18,Cairo's pyramids are awe-inspiring but the city is chaotic.,2025-02-15 15:41:33
u13,p21,Phuket's beaches are relaxing but nightlife wasn't for me.,2024-09-20 08:15:58
u13,p24,Prague's history is fascinating a great trip!,2025-01-15 13:00:14
u13,p27,Nairobi's safari access is nice but the city was average.,2024-11-30 10:23:39
u13,p30,Edinburgh's castles are stunning highly recommend!,2025-04-10 15:06:05
u13,p33,Hanoi's culture is vibrant but traffic was overwhelming.,2024-08-25 08:49:30
u14,p2,Rio's Carnival vibe is fun but safety was a concern.,2025-06-15 11:09:56
u14,p7,Bali's rice terraces are beautiful but too touristy.,2024-07-30 13:54:21
u14,p11,Tokyo's energy is unmatched a fantastic city!,2025-03-30 08:58:37
u14,p13,Dubai's skyscrapers are impressive but it felt artificial.,2024-12-15 12:21:53
u14,p16,Santorini's sunsets are unreal a perfect getaway!,2025-02-20 15:38:18
u14,p20,London's landmarks are iconic but it's hectic.,2024-09-25 08:12:43
u14,p22,Istanbul's history is fascinating but very crowded.,2025-01-20 12:56:59
u14,p25,Hawaii's nature is breathtaking a must-visit!,2024-11-15 10:20:24
u14,p28,Reykjavik's hot springs are amazing loved it!,2025-04-15 15:02:50
u14,p31,Chiang Mai's temples are peaceful but I wanted more activities.,2024-08-30 08:46:15
u15,p0,Paris's art and culture are incredible a perfect trip!,2025-06-20 11:06:41
u15,p6,New York's vibe is electric but overwhelming.,2024-07-25 13:51:06
u15,p10,Amsterdam's canals are charming but pricey.,2025-03-05 08:55:22
u15,p14,Cancun's beaches are gorgeous but very commercial.,2024-12-20 12:18:38
u15,p17,Seoul's food and palaces are fantastic!,2025-02-25 15:35:03
u15,p19,Machu Picchu's ruins are stunning a bucket-list must!,2024-09-30 08:09:28
u15,p23,Singapore's gardens are impressive but it's expensive.,2025-01-25 12:53:44
u15,p26,Buenos Aires' culture is vibrant but chaotic.,2024-11-20 10:17:09
u15,p29,Agra's Taj Mahal is a wonder but the city is hectic.,2025-04-20 14:59:35
u15,p32,Lisbon's nightlife and charm are amazing!,2024-08-25 08:43:00
u16,p1,Bangkok's markets are lively but a bit chaotic.,2025-06-25 11:03:26
u16,p5,Kyoto's temples are serene a perfect escape!,2024-07-30 13:47:51
u16,p12,Barcelona's Gaudi sites are cool but crowded.,2025-03-10 08:52:07
u16,p15,Venice's canals are stunning but touristy.,2024-12-25 12:15:23
u16,p18,Cairo's history is incredible but the city is overwhelming.,2025-02-10 15:31:48
u16,p21,Phuket's beaches are nice but nightlife wasn't my vibe.,2024-09-25 08:06:13
u16,p24,Prague's medieval charm is fantastic loved it!,2025-01-30 12:50:29
u16,p27,Nairobi's safari access is cool but the city was average.,2024-11-25 10:13:54
u16,p30,Edinburgh's history is stunning a great trip!,2025-04-25 14:56:20
u16,p33,Hanoi's culture is rich but traffic was intense.,2024-08-30 08:39:45
u17,p2,Rio's beaches are vibrant but I felt unsafe at times.,2025-06-30 11:00:11
u17,p7,Bali's scenery is beautiful but too touristy.,2024-07-25 13:44:36
u17,p11,Tokyo's culture is amazing a must-visit!,2025-03-15 08:48:52
u17,p13,Dubai's luxury is impressive but it felt artificial.,2024-12-30 12:12:08
u17,p16,Santorini's views are breathtaking perfect for relaxation!,2025-02-15 15:28:33
u17,p20,London's history is rich but it's very busy.,2024-09-20 08:02:58
u17,p22,Istanbul's cultural blend is fascinating but crowded.,2025-01-15 12:47:14
u17,p25,Hawaii's landscapes are stunning a nature lover's dream!,2024-11-30 10:10:39
u17,p28,Reykjavik's northern lights are magical highly recommend!,2025-04-10 14:53:05
u17,p31,Chiang Mai's temples are serene but I wanted more activities.,2024-08-25 08:36:30
u18,p0,Paris's charm is unmatched loved the art and food!,2025-06-05 10:56:56
u18,p6,New York's energy is incredible but hectic.,2024-07-30 13:41:21
u18,p10,Amsterdam's canals are lovely but pricey.,2025-03-20 08:45:37
u18,p14,Cancun's beaches are beautiful but very commercial.,2024-12-05 12:08:53
u18,p17,Seoul's culture and food are fantastic!,2025-02-20 15:25:18
u18,p19,Machu Picchu is a wonder an unforgettable experience!,2024-09-25 07:59:43
u18,p23,Singapore's modernity is impressive but expensive.,2025-01-20 12:43:59
u18,p26,Buenos Aires' tango scene is vibrant but chaotic.,2024-11-15 10:07:24
u18,p29,Agra's Taj Mahal is breathtaking but the city is hectic.,2025-04-15 14:49:50
u18,p32,Lisbon's charm and nightlife are amazing!,2024-08-30 08:33:15
u19,p1,Bangkok's temples are stunning but it's very crowded.,2025-06-10 10:53:41
u19,p5,Kyoto's serene vibe is perfect loved the gardens!,2024-07-25 13:38:06
u19,p12,Barcelona's architecture is incredible but touristy.,2025-03-25 08:42:22
u19,p15,Venice's canals are magical but crowded.,2024-12-10 12:05:38
u19,p18,Cairo's pyramids are awe-inspiring but the city is chaotic.,2025-02-25 15:22:03
u19,p21,Phuket's beaches are relaxing but nightlife wasn't for me.,2024-09-30 07:56:28
u19,p24,Prague's history is fascinating a great trip!,2025-01-25 12:40:44
u19,p27,Nairobi's safari access is nice but the city was average.,2024-11-20 10:04:09
u19,p30,Edinburgh's castles are stunning highly recommend!,2025-04-20 14:46:35
u19,p33,Hanoi's culture is vibrant but traffic was overwhelming.,2024-08-25 08:30:00
u20,p2,Rio's Carnival vibe is fun but safety was a concern.,2025-06-15 10:50:26
u20,p7,Bali's rice terraces are beautiful but too touristy.,2024-07-30 13:34:51
u20,p11,Tokyo's energy is unmatched a fantastic city!,2025-03-30 08:39:07
u20,p13,Dubai's skyscrapers are impressive but it felt artificial.,2024-12-15 12:02:23
u20,p16,Santorini's sunsets are unreal a perfect getaway!,2025-02-10 15:18:48
u20,p20,London's landmarks are iconic but it's hectic.,2024-09-20 07:53:13
u20,p22,Istanbul's history is fascinating but very crowded.,2025-01-30 12:37:29
u20,p25,Hawaii's nature is breathtaking a must-visit!,2024-11-25 10:00:54
u20,p28,Reykjavik's hot springs are amazing loved it!,2025-04-25 14:43:20
u20,p31,Chiang Mai's temples are peaceful but I wanted more activities.,2024-08-30 08:26:45
u21,p0,Paris's art and culture are incredible a perfect trip!,2025-06-20 10:47:11
u21,p6,New York's vibe is electric but overwhelming.,2024-07-25 13:31:36
u21,p10,Amsterdam's canals are charming but pricey.,2025-03-05 08:35:52
u21,p14,Cancun's beaches are gorgeous but very commercial.,2024-12-20 11:59:08
u21,p17,Seoul's food and palaces are fantastic!,2025-02-15 15:15:33
u21,p19,Machu Picchu's ruins are stunning a bucket-list must!,2024-09-25 07:49:58
u21,p23,Singapore's gardens are impressive but it's expensive.,2025-01-15 12:34:14
u21,p26,Buenos Aires' culture is vibrant but chaotic.,2024-11-30 09:57:39
u21,p29,Agra's Taj Mahal is a wonder but the city is hectic.,2025-04-10 14:40:05
u21,p32,Lisbon's nightlife and charm are amazing!,2024-08-25 08:23:30
u22,p1,Bangkok's markets are lively but a bit chaotic.,2025-06-25 10:43:56
u22,p5,Kyoto's temples are serene a perfect escape!,2024-07-30 13:28:21
u22,p12,Barcelona's Gaudi sites are cool but crowded.,2025-03-10 08:32:37
u22,p15,Venice's canals are stunning but touristy.,2024-12-25 11:55:53
u22,p18,Cairo's history is incredible but the city is overwhelming.,2025-02-20 15:12:18
u22,p21,Phuket's beaches are nice but nightlife wasn't my vibe.,2024-09-30 07:46:43
u22,p24,Prague's medieval charm is fantastic loved it!,2025-01-20 12:30:59
u22,p27,Nairobi's safari access is cool but the city was average.,2024-11-15 09:54:24
u22,p30,Edinburgh's history is stunning a great trip!,2025-04-15 14:36:50
u22,p33,Hanoi's culture is rich but traffic was intense.,2024-08-30 08:20:15
u23,p2,Rio's beaches are vibrant but I felt unsafe at times.,2025-06-30 10:40:41
u23,p7,Bali's scenery is beautiful but too touristy.,2024-07-25 13:25:06
u23,p11,Tokyo's culture is amazing a must-visit!,2025-03-15 08:29:22
u23,p13,Dubai's luxury is impressive but it felt artificial.,2024-12-30 11:52:38
u23,p16,Santorini's views are breathtaking perfect for relaxation!,2025-02-25 15:09:03
u23,p20,London's history is rich but it's very busy.,2024-09-25 07:43:28
u23,p22,Istanbul's cultural blend is fascinating but crowded.,2025-01-25 12:27:44
u23,p25,Hawaii's landscapes are stunning a nature lover's dream!,2024-11-20 09:51:09
u23,p28,Reykjavik's northern lights are magical highly recommend!,2025-04-20 14:33:35
u23,p31,Chiang Mai's temples are serene but I wanted more activities.,2024-08-25 08:17:00
u24,p0,Paris's charm is unmatched loved the art and food!,2025-06-05 10:37:26
u24,p6,New York's energy is incredible but hectic.,2024-07-30 13:21:51
u24,p10,Amsterdam's canals are lovely but pricey.,2025-03-20 08:26:07
u24,p14,Cancun's beaches are beautiful but very commercial.,2024-12-05 11:49:23
u24,p17,Seoul's culture and food are fantastic!,2025-02-10 15:05:48
u24,p19,Machu Picchu is a wonder an unforgettable experience!,2024-09-30 07:40:13
u24,p23,Singapore's modernity is impressive but expensive.,2025-01-30 12:24:29
u24,p26,Buenos Aires' tango scene is vibrant but chaotic.,2024-11-25 09:47:54
u24,p29,Agra's Taj Mahal is breathtaking but the city is hectic.,2025-04-25 14:30:20
u24,p32,Lisbon's charm and nightlife are amazing!,2024-08-30 08:13:45
u25,p1,Bangkok's temples are stunning but it's very crowded.,2025-06-10 10:34:11
u25,p5,Kyoto's serene vibe is perfect loved the gardens!,2024-07-25 13:18:36
u25,p12,Barcelona's architecture is incredible but touristy.,2025-03-25 08:22:52
u25,p15,Venice's canals are magical but crowded.,2024-12-10 11:46:08
u25,p18,Cairo's pyramids are awe-inspiring but the city is chaotic.,2025-02-15 15:02:33
u25,p21,Phuket's beaches are relaxing but nightlife wasn't for me.,2024-09-25 07:36:58
u25,p24,Prague's history is fascinating a great trip!,2025-01-15 12:21:14
u25,p27,Nairobi's safari access is nice but the city was average.,2024-11-30 09:44:39
u25,p30,Edinburgh's castles are stunning highly recommend!,2025-04-10 14:27:05
u25,p33,Hanoi's culture is vibrant but traffic was overwhelming.,2024-08-25 08:10:30
u26,p2,Rio's Carnival vibe is fun but safety was a concern.,2025-06-15 10:30:56
u26,p7,Bali's rice terraces are beautiful but too touristy.,2024-07-30 13:15:21
u26,p11,Tokyo's energy is unmatched a fantastic city!,2025-03-30 08:19:37
u26,p13,Dubai's skyscrapers are impressive but it felt artificial.,2024-12-15 11:42:53
u26,p16,Santorini's sunsets are unreal a perfect getaway!,2025-02-20 14:59:18
u26,p20,London's landmarks are iconic but it's hectic.,2024-09-30 07:33:43
u26,p22,Istanbul's history is fascinating but very crowded.,2025-01-20 12:17:59
u26,p25,Hawaii's nature is breathtaking a must-visit!,2024-11-15 09:41:24
u26,p28,Reykjavik's hot springs are amazing loved it!,2025-04-15 14:23:50
u26,p31,Chiang Mai's temples are peaceful but I wanted more activities.,2024-08-30 08:07:15
u27,p0,Paris's art and culture are incredible a perfect trip!,2025-06-20 10:27:41
u27,p6,New York's vibe is electric but overwhelming.,2024-07-25 13:12:06
u27,p10,Amsterdam's canals are charming but pricey.,2025-03-05 08:16:22
u27,p14,Cancun's beaches are gorgeous but very commercial.,2024-12-20 11:39:38
u27,p17,Seoul's food and palaces are fantastic!,2025-02-25 14:56:03
u27,p19,Machu Picchu's ruins are stunning a bucket-list must!,2024-09-25 07:30:28
u27,p23,Singapore's gardens are impressive but it's expensive.,2025-01-25 12:14:44
u27,p26,Buenos Aires' culture is vibrant but chaotic.,2024-11-20 09:38:09
u27,p29,Agra's Taj Mahal is a wonder but the city is hectic.,2025-04-20 14:20:35
u27,p32,Lisbon's nightlife and charm are amazing!,2024-08-25 08:04:00
u28,p1,Bangkok's markets are lively but a bit chaotic.,2025-06-25 10:24:26
u28,p5,Kyoto's temples are serene a perfect escape!,2024-07-30 13:08:51
u28,p12,Barcelona's Gaudi sites are cool but crowded.,2025-03-10 08:13:07
u28,p15,Venice's canals are stunning but touristy.,2024-12-25 11:36:23
u28,p18,Cairo's history is incredible but the city is overwhelming.,2025-02-10 14:52:48
u28,p21,Phuket's beaches are nice but nightlife wasn't my vibe.,2024-09-30 07:27:13
u28,p24,Prague's medieval charm is fantastic loved it!,2025-01-30 12:11:29
u28,p27,Nairobi's safari access is cool but the city was average.,2024-11-25 09:34:54
u28,p30,Edinburgh's history is stunning a great trip!,2025-04-25 14:17:20
u28,p33,Hanoi's culture is rich but traffic was intense.,2024-08-30 08:00:45
u29,p2,Rio's beaches are vibrant but I felt unsafe at times.,2025-06-30 10:21:11
u29,p7,Bali's scenery is beautiful but too touristy.,2024-07-25 13:05:36
u29,p11,Tokyo's culture is amazing a must-visit!,2025-03-15 08:09:52
u29,p13,Dubai's luxury is impressive but it felt artificial.,2024-12-30 11:33:08
u29,p16,Santorini's views are breathtaking perfect for relaxation!,2025-02-15 14:49:33
u29,p20,London's history is rich but it's very busy.,2024-09-25 07:23:58
u29,p22,Istanbul's cultural blend is fascinating but crowded.,2025-01-15 12:08:14
u29,p25,Hawaii's landscapes are stunning a nature lover's dream!,2024-11-30 09:31:39
u29,p28,Reykjavik's northern lights are magical highly recommend!,2025-04-10 14:14:05
u29,p31,Chiang Mai's temples are serene but I wanted more activities.,2024-08-25 07:57:30
u30,p0,Paris's charm is unmatched loved the art and food!,2025-06-05 10:17:56
u30,p6,New York's energy is incredible but hectic.,2024-07-30 13:02:21
u30,p10,Amsterdam's canals are lovely but pricey.,2025-03-20 08:06:37
u30,p14,Cancun's beaches are beautiful but very commercial.,2024-12-05 11:29:53
u30,p17,Seoul's culture and food are fantastic!,2025-02-20 14:46:18
u30,p19,Machu Picchu is a wonder an unforgettable experience!,2024-09-30 07:20:43
u30,p23,Singapore's modernity is impressive but expensive.,2025-01-20 12:04:59
u30,p26,Buenos Aires' tango scene is vibrant but chaotic.,2024-11-15 09:28:24
u30,p29,Agra's Taj Mahal is breathtaking but the city is hectic.,2025-04-15 14:10:50
u30,p32,Lisbon's charm and nightlife are amazing!,2024-08-30 07:54:15
u31,p1,Bangkok's temples are stunning but it's very crowded.,2025-06-10 10:14:41
u31,p5,Kyoto's serene vibe is perfect loved the gardens!,2024-07-25 12:59:06
u31,p12,Barcelona's architecture is incredible but touristy.,2025-03-25 08:03:22
u31,p15,Venice's canals are magical but crowded.,2024-12-10 11:26:38
u31,p18,Cairo's pyramids are awe-inspiring but the city is chaotic.,2025-02-25 14:43:03
u31,p21,Phuket's beaches are relaxing but nightlife wasn't for me.,2024-09-25 07:17:28
u31,p24,Prague's history is fascinating a great trip!,2025-01-25 12:01:44
u31,p27,Nairobi's safari access is nice but the city was average.,2024-11-20 09:25:09
u31,p30,Edinburgh's castles are stunning highly recommend!,2025-04-20 14:07:35
u31,p33,Hanoi's culture is vibrant but traffic was overwhelming.,2024-08-25 07:51:00
u32,p2,Rio's Carnival vibe is fun but safety was a concern.,2025-06-15 10:11:26
u32,p7,Bali's rice terraces are beautiful but too touristy.,2024-07-30 12:55:51
u32,p11,Tokyo's energy is unmatched a fantastic city!,2025-03-30 08:00:07
u32,p13,Dubai's skyscrapers are impressive but it felt artificial.,2024-12-15 11:23:23
u32,p16,Santorini's sunsets are unreal a perfect getaway!,2025-02-10 14:39:48
u32,p20,London's landmarks are iconic but it's hectic.,2024-09-30 07:14:13
u32,p22,Istanbul's history is fascinating but very crowded.,2025-01-30 11:58:29
u32,p25,Hawaii's nature is breathtaking a must-visit!,2024-11-25 09:21:54
u32,p28,Reykjavik's hot springs are amazing loved it!,2025-04-25 14:04:20
u32,p31,Chiang Mai's temples are peaceful but I wanted more activities.,2024-08-30 07:47:45
u33,p0,Paris's art and culture are incredible a perfect trip!,2025-06-20 10:08:11
u33,p6,New York's vibe is electric but overwhelming.,2024-07-25 12:52:36
u33,p10,Amsterdam's canals are charming but pricey.,2025-03-05 07:56:52
u33,p14,Cancun's beaches are gorgeous but very commercial.,2024-12-20 11:20:08
u33,p17,Seoul's food and palaces are fantastic!,2025-02-15 14:36:33
u33,p19,Machu Picchu's ruins are stunning a bucket-list must!,2024-09-25 07:10:58
u33,p23,Singapore's gardens are impressive but it's expensive.,2025-01-15 11:55:14
u33,p26,Buenos Aires' culture is vibrant but chaotic.,2024-11-30 09:18:39
u33,p29,Agra's Taj Mahal is a wonder but the city is hectic.,2025-04-10 14:01:05
u33,p32,Lisbon's nightlife and charm are amazing!,2024-08-25 07:44:30
u34,p1,Bangkok's markets are lively but a bit chaotic.,2025-06-25 10:04:56
u34,p5,Kyoto's temples are serene a perfect escape!,2024-07-30 12:49:21
u34,p12,Barcelona's Gaudi sites are cool but crowded.,2025-03-10 07:53:37
u34,p15,Venice's canals are stunning but touristy.,2024-12-25 11:16:53
u34,p18,Cairo's history is incredible but the city is overwhelming.,2025-02-20 14:33:18
u34,p21,Phuket's beaches are nice but nightlife wasn't my vibe.,2024-09-30 07:07:43
u34,p24,Prague's medieval charm is fantastic loved it!,2025-01-20 11:52:00
u34,p27,Nairobi's safari access is cool but the city was average.,2024-11-15 09:15:24
u34,p30,Edinburgh's history is stunning a great trip!,2025-04-15 13:57:50
u34,p33,Hanoi's culture is rich but traffic was intense.,2024-08-30 07:41:15
u35,p2,Rio's beaches are vibrant but I felt unsafe at times.,2025-06-30 10:01:41
u35,p7,Bali's scenery is beautiful but too touristy.,2024-07-25 12:46:06
u35,p11,Tokyo's culture is amazing a must-visit!,2025-03-15 07:50:22
u35,p13,Dubai's luxury is impressive but it felt artificial.,2024-12-30 11:13:38
u35,p16,Santorini's views are breathtaking perfect for relaxation!,2025-02-25 14:30:03
u35,p20,London's history is rich but it's very busy.,2024-09-25 07:04:28
u35,p22,Istanbul's cultural blend is fascinating but crowded.,2025-01-25 11:48:45
u35,p25,Hawaii's landscapes are stunning a nature lover's dream!,2024-11-20 09:12:09
u35,p28,Reykjavik's northern lights are magical highly recommend!,2025-04-20 13:54:35
u35,p31,Chiang Mai's temples are serene but I wanted more activities.,2024-08-25 07:38:00
u36,p0,Paris's charm is unmatched loved the art and food!,2025-06-05 09:58:26
u36,p6,New York's energy is incredible but hectic.,2024-07-30 12:42:51
u36,p10,Amsterdam's canals are lovely but pricey.,2025-03-20 07:47:07
u36,p14,Cancun's beaches are beautiful but very commercial.,2024-12-05 11:10:23
u36,p17,Seoul's culture and food are fantastic!,2025-02-10 14:26:48
u36,p19,Machu Picchu is a wonder an unforgettable experience!,2024-09-30 07:01:13
u36,p23,Singapore's modernity is impressive but expensive.,2025-01-30 11:45:30
u36,p26,Buenos Aires' tango scene is vibrant but chaotic.,2024-11-25 09:08:54
u36,p29,Agra's Taj Mahal is breathtaking but the city is hectic.,2025-04-25 13:51:20
u36,p32,Lisbon's charm and nightlife are amazing!,2024-08-30 07:34:45
u37,p1,Bangkok's temples are stunning but it's very crowded.,2025-06-10 09:55:11
u37,p5,Kyoto's serene vibe is perfect loved the gardens!,2024-07-25 12:39:36
u37,p12,Barcelona's architecture is incredible but touristy.,2025-03-25 07:43:52
u37,p15,Venice's canals are magical but crowded.,2024-12-10 11:07:08
u37,p18,Cairo's pyramids are awe-inspiring but the city is chaotic.,2025-02-15 14:23:33
u37,p21,Phuket's beaches are relaxing but nightlife wasn't for me.,2024-09-25 06:57:58
u37,p24,Prague's history is fascinating a great trip!,2025-01-15 11:42:15
u37,p27,Nairobi's safari access is nice but the city was average.,2024-11-30 09:05:39
u37,p30,Edinburgh's castles are stunning highly recommend!,2025-04-10 13:48:05
u37,p33,Hanoi's culture is vibrant but traffic was overwhelming.,2024-08-25 07:31:30
u38,p2,Rio's Carnival vibe is fun but safety was a concern.,2025-06-15 09:51:56
u38,p7,Bali's rice terraces are beautiful but too touristy.,2024-07-30 12:36:21
u38,p11,Tokyo's energy is unmatched a fantastic city!,2025-03-30 07:40:37
u38,p13,Dubai's skyscrapers are impressive but it felt artificial.,2024-12-15 11:03:53
u38,p16,Santorini's sunsets are unreal a perfect getaway!,2025-02-20 14:20:18
u38,p20,London's landmarks are iconic but it's hectic.,2024-09-30 06:54:43
u38,p22,Istanbul's history is fascinating but very crowded.,2025-01-20 11:39:00
u38,p25,Hawaii's nature is breathtaking a must-visit!,2024-11-15 09:02:24
u38,p28,Reykjavik's hot springs are amazing loved it!,2025-04-15 13:44:50
u38,p31,Chiang Mai's temples are peaceful but I wanted more activities.,2024-08-30 07:28:15
u39,p0,Paris's art and culture are incredible a perfect trip!,2025-06-20 09:48:41
u39,p6,New York's vibe is electric but overwhelming.,2024-07-25 12:33:06
u39,p10,Amsterdam's canals are charming but pricey.,2025-03-05 07:37:22
u39,p14,Cancun's beaches are gorgeous but very commercial.,2024-12-20 11:00:38
u39,p17,Seoul's food and palaces are fantastic!,2025-02-25 14:17:03
u39,p19,Machu Picchu's ruins are stunning a bucket-list must!,2024-09-25 06:51:28
u39,p23,Singapore's gardens are impressive but it's expensive.,2025-01-25 11:35:45
u39,p26,Buenos Aires' culture is vibrant but chaotic.,2024-11-20 08:59:09
u39,p29,Agra's Taj Mahal is a wonder but the city is hectic.,2025-04-20 13:41:35
u39,p32,Lisbon's nightlife and charm are amazing!,2024-08-25 07:25:00
u40,p1,Bangkok's markets are lively but a bit chaotic.,2025-06-25 09:45:26
u40,p5,Kyoto's temples are serene a perfect escape!,2024-07-30 12:29:51
u40,p12,Barcelona's Gaudi sites are cool but crowded.,2025-03-10 07:34:07
u40,p15,Venice's canals are stunning but touristy.,2024-12-25 10:57:23
u40,p18,Cairo's history is incredible but the city is overwhelming.,2025-02-10 14:13:48
u40,p21,Phuket's beaches are nice but nightlife wasn't my vibe.,2024-09-30 06:48:13
u40,p24,Prague's medieval charm is fantastic loved it!,2025-01-30 11:32:30
u40,p27,Nairobi's safari access is cool but the city was average.,2024-11-25 08:55:54
u40,p30,Edinburgh's history is stunning a great trip!,2025-04-25 13:38:20
u40,p33,Hanoi's culture is rich but traffic was intense.,2024-08-30 07:21:45
u41,p2,Rio's beaches are vibrant but I felt unsafe at times.,2025-06-30 09:42:11
u41,p7,Bali's scenery is beautiful but too touristy.,2024-07-25 12:26:36
u41,p11,Tokyo's culture is amazing a must-visit!,2025-03-15 07:30:52
u41,p13,Dubai's luxury is impressive but it felt artificial.,2024-12-30 10:54:08
u41,p16,Santorini's views are breathtaking perfect for relaxation!,2025-02-15 14:10:33
u41,p20,London's history is rich but it's very busy.,2024-09-25 06:44:58
u41,p22,Istanbul's cultural blend is fascinating but crowded.,2025-01-15 11:29:15
u41,p25,Hawaii's landscapes are stunning a nature lover's dream!,2024-11-30 08:52:39
u41,p28,Reykjavik's northern lights are magical highly recommend!,2025-04-10 13:35:05
u41,p31,Chiang Mai's temples are serene but I wanted more activities.,2024-08-25 07:18:30
u42,p0,Paris's charm is unmatched loved the art and food!,2025-06-05 09:38:56
u42,p6,New York's energy is incredible but hectic.,2024-07-30 12:23:21
u42,p10,Amsterdam's canals are lovely but pricey.,2025-03-20 07:27:37
u42,p14,Cancun's beaches are beautiful but very commercial.,2024-12-05 10:50:53
u42,p17,Seoul's culture and food are fantastic!,2025-02-20 14:07:18
u42,p19,Machu Picchu is a wonder an unforgettable experience!,2024-09-30 06:41:43
u42,p23,Singapore's modernity is impressive but expensive.,2025-01-20 11:26:00
u42,p26,Buenos Aires' tango scene is vibrant but chaotic.,2024-11-15 08:49:24
u42,p29,Agra's Taj Mahal is breathtaking but the city is hectic.,2025-04-15 13:31:50
u42,p32,Lisbon's charm and nightlife are amazing!,2024-08-30 07:15:15
u43,p1,Bangkok's temples are stunning but it's very crowded.,2025-06-10 09:35:41
u43,p5,Kyoto's serene vibe is perfect loved the gardens!,2024-07-25 12:20:06
u43,p12,Barcelona's architecture is incredible but touristy.,2025-03-25 07:24:22
u43,p15,Venice's canals are magical but crowded.,2024-12-10 10:47:38
u43,p18,Cairo's pyramids are awe-inspiring but the city is chaotic.,2025-02-25 14:04:03
u43,p21,Phuket's beaches are relaxing but nightlife wasn't for me.,2024-09-25 06:38:28
u43,p24,Prague's history is fascinating a great trip!,2025-01-25 11:22:45
u43,p27,Nairobi's safari access is nice but the city was average.,2024-11-20 08:46:09
u43,p30,Edinburgh's castles are stunning highly recommend!,2025-04-20 13:28:35
u43,p33,Hanoi's culture is vibrant but traffic was overwhelming.,2024-08-25 07:12:00
u44,p2,Rio's Carnival vibe is fun but safety was a concern.,2025-06-15 09:32:26
u44,p7,Bali's rice terraces are beautiful but too touristy.,2024-07-30 12:16:51
u44,p11,Tokyo's energy is unmatched a fantastic city!,2025-03-30 07:21:07
u44,p13,Dubai's skyscrapers are impressive but it felt artificial.,2024-12-15 10:44:23
u44,p16,Santorini's sunsets are unreal a perfect getaway!,2025-02-10 14:00:48
u44,p20,London's landmarks are iconic but it's hectic.,2024-09-30 06:35:13
u44,p22,Istanbul's history is fascinating but very crowded.,2025-01-30 11:19:30
u44,p25,Hawaii's nature is breathtaking a must-visit!,2024-11-25 08:42:54
u44,p28,Reykjavik's hot springs are amazing loved it!,2025-04-25 13:25:20
u44,p31,Chiang Mai's temples are peaceful but I wanted more activities.,2024-08-30 07:08:45
u45,p0,Paris's art and culture are incredible a perfect trip!,2025-06-20 09:29:11
u45,p6,New York's vibe is electric but overwhelming.,2024-07-25 12:13:36
u45,p10,Amsterdam's canals are charming but pricey.,2025-03-05 07:17:52
u45,p14,Cancun's beaches are gorgeous but very commercial.,2024-12-20 10:41:08
u45,p17,Seoul's food and palaces are fantastic!,2025-02-15 13:57:33
u45,p19,Machu Picchu's ruins are stunning a bucket-list must!,2024-09-25 06:31:58
u45,p23,Singapore's gardens are impressive but it's expensive.,2025-01-15 11:16:15
u45,p26,Buenos Aires' culture is vibrant but chaotic.,2024-11-30 08:39:39
u45,p29,Agra's Taj Mahal is a wonder but the city is hectic.,2025-04-10 13:22:05
u45,p32,Lisbon's nightlife and charm are amazing!,2024-08-25 07:05:30
u46,p1,Bangkok's markets are lively but a bit chaotic.,2025-06-25 09:25:56
u46,p5,Kyoto's temples are serene a perfect escape!,2024-07-30 12:10:21
u46,p12,Barcelona's Gaudi sites are cool but crowded.,2025-03-10 07:14:37
u46,p15,Venice's canals are stunning but touristy.,2024-12-25 10:37:53
u46,p18,Cairo's history is incredible but the city is overwhelming.,2025-02-20 13:54:18
u46,p21,Phuket's beaches are nice but nightlife wasn't my vibe.,2024-09-30 06:28:43
u46,p24,Prague's medieval charm is fantastic loved it!,2025-01-20 11:13:00
u46,p27,Nairobi's safari access is cool but the city was average.,2024-11-15 08:36:24
u46,p30,Edinburgh's history is stunning a great trip!,2025-04-15 13:18:50
u46,p33,Hanoi's culture is rich but traffic was intense.,2024-08-30 07:02:15
u47,p2,Rio's beaches are vibrant but I felt unsafe at times.,2025-06-30 09:22:41
u47,p7,Bali's scenery is beautiful but too touristy.,2024-07-25 12:07:06
u47,p11,Tokyo's culture is amazing a must-visit!,2025-03-15 07:11:22
u47,p13,Dubai's luxury is impressive but it felt artificial.,2024-12-30 10:34:38
u47,p16,Santorini's views are breathtaking perfect for relaxation!,2025-02-25 13:51:03
u47,p20,London's history is rich but it's very busy.,2024-09-25 06:25:28
u47,p22,Istanbul's cultural blend is fascinating but crowded.,2025-01-25 11:09:45
u47,p25,Hawaii's landscapes are stunning a nature lover's dream!,2024-11-20 08:33:09
u47,p28,Reykjavik's northern lights are magical highly recommend!,2025-04-20 13:15:35
u47,p31,Chiang Mai's temples are serene but I wanted more activities.,2024-08-25 06:59:00
u48,p0,Paris's charm is unmatched loved the art and food!,2025-06-05 09:19:26
u48,p6,New York's energy is incredible but hectic.,2024-07-30 12:03:51
u48,p10,Amsterdam's canals are lovely but pricey.,2025-03-20 07:08:07
u48,p14,Cancun's beaches are beautiful but very commercial.,2024-12-05 10:31:23
u48,p17,Seoul's culture and food are fantastic!,2025-02-10 13:47:48
u48,p19,Machu Picchu is a wonder an unforgettable experience!,2024-09-30 06:22:13
u48,p23,Singapore's modernity is impressive but expensive.,2025-01-30 11:06:30
u48,p26,Buenos Aires' tango scene is vibrant but chaotic.,2024-11-25 08:29:54
u48,p29,Agra's Taj Mahal is breathtaking but the city is hectic.,2025-04-25 13:12:20
u48,p32,Lisbon's charm and nightlife are amazing!,2024-08-30 06:55:45
u49,p1,Bangkok's temples are stunning but it's very crowded.,2025-06-10 09:16:11
u49,p5,Kyoto's serene vibe is perfect loved the gardens!,2024-07-25 12:00:36
u49,p12,Barcelona's architecture is incredible but touristy.,2025-03-25 07:04:52
u49,p15,Venice's canals are magical but crowded.,2024-12-10 10:28:08
u49,p18,Cairo's pyramids are awe-inspiring but the city is chaotic.,2025-02-15 13:44:33
u49,p21,Phuket's beaches are relaxing but nightlife wasn't for me.,2024-09-25 06:18:58
u49,p24,Prague's history is fascinating a great trip!,2025-01-15 11:03:15
u49,p27,Nairobi's safari access is nice but the city was average.,2024-11-30 08:26:39
u49,p30,Edinburgh's castles are stunning highly recommend!,2025-04-10 13:09:05
u49,p33,Hanoi's culture is vibrant but traffic was overwhelming.,2024-08-25 06:52:30
u50,p2,Rio's Carnival vibe is fun but safety was a concern.,2025-06-15 09:12:56
u50,p7,Bali's rice terraces are beautiful but too touristy.,2024-07-30 11:57:21
u50,p11,Tokyo's energy is unmatched a fantastic city!,2025-03-30 07:01:37
u50,p13,Dubai's skyscrapers are impressive but it felt artificial.,2024-12-15 10:24:53
u50,p16,Santorini's sunsets are unreal a perfect getaway!,2025-02-20 13:41:18
u50,p20,London's landmarks are iconic but it's hectic.,2024-09-30 06:15:43
u50,p22,Istanbul's history is fascinating but very crowded.,2025-01-20 11:00:00
u50,p25,Hawaii's nature is breathtaking a must-visit!,2024-11-15 08:23:24
u50,p28,Reykjavik's hot springs are amazing loved it!,2025-04-15 13:05:50
u50,p31,Chiang Mai's temples are peaceful but I wanted more activities.,2024-08-30 06:49:15
u51,p0,Paris's art and culture are incredible a perfect trip!,2025-06-20 09:09:41
u51,p6,New York's vibe is electric but overwhelming.,2024-07-25 11:54:06
u51,p10,Amsterdam's canals are charming but pricey.,2025-03-05 06:58:22
u51,p14,Cancun's beaches are gorgeous but very commercial.,2024-12-20 10:21:38
u51,p17,Seoul's food and palaces are fantastic!,2025-02-25 13:38:03
u51,p19,Machu Picchu's ruins are stunning a bucket-list must!,2024-09-25 06:12:28
u51,p23,Singapore's gardens are impressive but it's expensive.,2025-01-25 10:56:45
u51,p26,Buenos Aires' culture is vibrant but chaotic.,2024-11-20 08:20:09
u51,p29,Agra's Taj Mahal is a wonder but the city is hectic.,2025-04-20 13:02:35
u51,p32,Lisbon's nightlife and charm are amazing!,2024-08-25 06:46:00
u52,p1,Bangkok's markets are lively but a bit chaotic.,2025-06-25 09:06:26
u52,p5,Kyoto's temples are serene a perfect escape!,2024-07-30 11:50:51
u52,p12,Barcelona's Gaudi sites are cool but crowded.,2025-03-10 06:55:07
u52,p15,Venice's canals are stunning but touristy.,2024-12-25 10:18:23
u52,p18,Cairo's history is incredible but the city is overwhelming.,2025-02-10 13:34:48
u52,p21,Phuket's beaches are nice but nightlife wasn't my vibe.,2024-09-30 06:09:13
u52,p24,Prague's medieval charm is fantastic loved it!,2025-01-30 10:53:30
u52,p27,Nairobi's safari access is cool but the city was average.,2024-11-25 08:16:54
u52,p30,Edinburgh's history is stunning a great trip!,2025-04-25 12:59:20
u52,p33,Hanoi's culture is rich but traffic was intense.,2024-08-30 06:42:45
u53,p2,Rio's beaches are vibrant but I felt unsafe at times.,2025-06-30 09:03:11
u53,p7,Bali's scenery is beautiful but too touristy.,2024-07-25 11:47:36
u53,p11,Tokyo's culture is amazing a must-visit!,2025-03-15 06:51:52
u53,p13,Dubai's luxury is impressive but it felt artificial.,2024-12-30 10:15:08
u53,p16,Santorini's views are breathtaking perfect for relaxation!,2025-02-15 13:31:33
u53,p20,London's history is rich but it's very busy.,2024-09-25 06:05:58
u53,p22,Istanbul's cultural blend is fascinating but crowded.,2025-01-15 10:50:15
u53,p25,Hawaii's landscapes are stunning a nature lover's dream!,2024-11-30 08:13:39
u53,p28,Reykjavik's northern lights are magical highly recommend!,2025-04-10 12:56:05
u53,p31,Chiang Mai's temples are serene but I wanted more activities.,2024-08-25 06:39:30
u54,p0,Paris's charm is unmatched loved the art and food!,2025-06-05 09:00:56
u54,p6,New York's energy is incredible but hectic.,2024-07-30 11:44:21
u54,p10,Amsterdam's canals are lovely but pricey.,2025-03-20 06:48:37
u54,p14,Cancun's beaches are beautiful but very commercial.,2024-12-05 10:11:53
u54,p17,Seoul's culture and food are fantastic!,2025-02-20 13:28:18
u54,p19,Machu Picchu is a wonder an unforgettable experience!,2024-09-30 07:01:13
