user_id,age,gender,country,travel_style,budget,preferred_activities
u0,34,male,indonesia,"['Adventure', 'Nature']",medium,"['Hiking', 'Beach']"
u1,28,female,sweden,"['Culture', 'Relaxation']",high,"['Museums', 'Food Tour']"
u2,45,other,brazil,['Luxury'],high,"['Nightlife', 'Beach']"
u3,19,male,japan,"['Adventure', 'Culture']",low,"['Hiking', 'Museums']"
u4,52,female,canada,"['Relaxation', 'Nature']",medium,"['Beach', 'Hiking']"
u5,29,male,australia,['Adventure'],medium,"['Hiking', 'Skiing']"
u6,37,female,india,"['Culture', 'Luxury']",high,"['Museums', 'Food Tour']"
u7,41,other,france,['Relaxation'],low,['Beach']
u8,25,male,thailand,"['Adventure', 'Nature']",medium,"['Hiking', 'Nightlife']"
u9,33,female,south africa,['Culture'],low,"['Museums', 'Food Tour']"
u10,27,male,italy,"['Culture', 'Adventure']",medium,"['Museums', 'Hiking']"
u11,36,female,mexico,"['Beach', 'Relaxation']",high,"['Beach', 'Nightlife']"
u12,42,male,germany,"['Historical', 'Culture']",medium,"['Museums', 'Food Tour']"
u13,31,female,china,"['Luxury', 'City']",high,"['Nightlife', 'Museums']"
u14,23,other,spain,"['Adventure', 'Beach']",low,"['Hiking', 'Beach']"
u15,50,male,united kingdom,['Culture'],medium,"['Museums', 'Historical Sites']"
u16,29,female,argentina,"['Adventure', 'Nature']",low,"['Hiking', 'Camping']"
u17,38,male,russia,"['City', 'Luxury']",high,"['Nightlife', 'Food Tour']"
u18,26,female,new zealand,"['Nature', 'Adventure']",medium,"['Hiking', 'Skiing']"
u19,44,other,netherlands,"['Relaxation', 'Culture']",medium,"['Beach', 'Museums']"
u20,30,male,india,"['Adventure', 'Culture']",low,"['Hiking', 'Museums']"
u21,35,female,united states,"['Luxury', 'Beach']",high,"['Beach', 'Nightlife']"
u22,40,male,france,"['Culture', 'Historical']",medium,"['Museums', 'Historical Sites']"
u23,28,female,australia,"['Adventure', 'Nature']",medium,"['Hiking', 'Beach']"
u24,47,other,canada,['Relaxation'],low,"['Beach', 'Spa']"
u25,32,male,japan,"['Culture', 'City']",high,"['Museums', 'Nightlife']"
u26,29,female,thailand,"['Beach', 'Adventure']",medium,"['Beach', 'Hiking']"
u27,41,male,brazil,"['Luxury', 'City']",high,"['Nightlife', 'Food Tour']"
u28,33,female,south africa,"['Nature', 'Culture']",low,"['Hiking', 'Museums']"
u29,26,male,sweden,"['Adventure', 'Relaxation']",medium,"['Skiing', 'Beach']"
u30,39,female,italy,"['Culture', 'Luxury']",high,"['Museums', 'Food Tour']"
u31,45,male,mexico,"['Beach', 'Adventure']",medium,"['Beach', 'Hiking']"
u32,27,other,germany,"['Historical', 'Culture']",low,"['Museums', 'Historical Sites']"
u33,34,female,china,"['City', 'Luxury']",high,"['Nightlife', 'Shopping']"
u34,31,male,spain,"['Adventure', 'Beach']",medium,"['Hiking', 'Beach']"
u35,50,female,united kingdom,"['Culture', 'Relaxation']",medium,"['Museums', 'Spa']"
u36,28,male,argentina,"['Adventure', 'Nature']",low,"['Hiking', 'Camping']"
u37,42,female,russia,"['City', 'Luxury']",high,"['Nightlife', 'Food Tour']"
u38,29,male,new zealand,"['Nature', 'Adventure']",medium,"['Hiking', 'Skiing']"
u39,36,female,netherlands,"['Relaxation', 'Culture']",medium,"['Beach', 'Museums']"
u40,33,male,india,"['Adventure', 'Culture']",low,"['Hiking', 'Museums']"
u41,38,female,united states,"['Luxury', 'Beach']",high,"['Beach', 'Nightlife']"
u42,44,male,france,"['Culture', 'Historical']",medium,"['Museums', 'Historical Sites']"
u43,27,female,australia,"['Adventure', 'Nature']",medium,"['Hiking', 'Beach']"
u44,46,other,canada,['Relaxation'],low,"['Beach', 'Spa']"
u45,31,male,japan,"['Culture', 'City']",high,"['Museums', 'Nightlife']"
u46,28,female,thailand,"['Beach', 'Adventure']",medium,"['Beach', 'Hiking']"
u47,40,male,brazil,"['Luxury', 'City']",high,"['Nightlife', 'Food Tour']"
u48,34,female,south africa,"['Nature', 'Culture']",low,"['Hiking', 'Museums']"
u49,25,male,sweden,"['Adventure', 'Relaxation']",medium,"['Skiing', 'Beach']"
u50,39,female,italy,"['Culture', 'Luxury']",high,"['Museums', 'Food Tour']"
u51,44,male,mexico,"['Beach', 'Adventure']",medium,"['Beach', 'Hiking']"
u52,26,other,germany,"['Historical', 'Culture']",low,"['Museums', 'Historical Sites']"
u53,35,female,china,"['City', 'Luxury']",high,"['Nightlife', 'Shopping']"
u54,30,male,spain,"['Adventure', 'Beach']",medium,"['Hiking', 'Beach']"
u55,49,female,united kingdom,"['Culture', 'Relaxation']",medium,"['Museums', 'Spa']"
u56,27,male,argentina,"['Adventure', 'Nature']",low,"['Hiking', 'Camping']"
u57,43,female,russia,"['City', 'Luxury']",high,"['Nightlife', 'Food Tour']"
u58,28,male,new zealand,"['Nature', 'Adventure']",medium,"['Hiking', 'Skiing']"
u59,37,female,netherlands,"['Relaxation', 'Culture']",medium,"['Beach', 'Museums']"
u60,32,male,india,"['Adventure', 'Culture']",low,"['Hiking', 'Museums']"
u61,39,female,united states,"['Luxury', 'Beach']",high,"['Beach', 'Nightlife']"
u62,45,male,france,"['Culture', 'Historical']",medium,"['Museums', 'Historical Sites']"
u63,26,female,australia,"['Adventure', 'Nature']",medium,"['Hiking', 'Beach']"
u64,47,other,canada,['Relaxation'],low,"['Beach', 'Spa']"
u65,30,male,japan,"['Culture', 'City']",high,"['Museums', 'Nightlife']"
u66,29,female,thailand,"['Beach', 'Adventure']",medium,"['Beach', 'Hiking']"
u67,41,male,brazil,"['Luxury', 'City']",high,"['Nightlife', 'Food Tour']"
u68,35,female,south africa,"['Nature', 'Culture']",low,"['Hiking', 'Museums']"
u69,24,male,sweden,"['Adventure', 'Relaxation']",medium,"['Skiing', 'Beach']"
u70,40,female,italy,"['Culture', 'Luxury']",high,"['Museums', 'Food Tour']"
u71,43,male,mexico,"['Beach', 'Adventure']",medium,"['Beach', 'Hiking']"
u72,27,other,germany,"['Historical', 'Culture']",low,"['Museums', 'Historical Sites']"
u73,34,female,china,"['City', 'Luxury']",high,"['Nightlife', 'Shopping']"
u74,31,male,spain,"['Adventure', 'Beach']",medium,"['Hiking', 'Beach']"
u75,48,female,united kingdom,"['Culture', 'Relaxation']",medium,"['Museums', 'Spa']"
u76,28,male,argentina,"['Adventure', 'Nature']",low,"['Hiking', 'Camping']"
u77,42,female,russia,"['City', 'Luxury']",high,"['Nightlife', 'Food Tour']"
u78,29,male,new zealand,"['Nature', 'Adventure']",medium,"['Hiking', 'Skiing']"
u79,36,female,netherlands,"['Relaxation', 'Culture']",medium,"['Beach', 'Museums']"
u80,33,male,india,"['Adventure', 'Culture']",low,"['Hiking', 'Museums']"
u81,38,female,united states,"['Luxury', 'Beach']",high,"['Beach', 'Nightlife']"
u82,44,male,france,"['Culture', 'Historical']",medium,"['Museums', 'Historical Sites']"
u83,27,female,australia,"['Adventure', 'Nature']",medium,"['Hiking', 'Beach']"
u84,46,other,canada,['Relaxation'],low,"['Beach', 'Spa']"
u85,31,male,japan,"['Culture', 'City']",high,"['Museums', 'Nightlife']"
u86,28,female,thailand,"['Beach', 'Adventure']",medium,"['Beach', 'Hiking']"
u87,40,male,brazil,"['Luxury', 'City']",high,"['Nightlife', 'Food Tour']"
u88,34,female,south africa,"['Nature', 'Culture']",low,"['Hiking', 'Museums']"
u89,25,male,sweden,"['Adventure', 'Relaxation']",medium,"['Skiing', 'Beach']"
u90,39,female,italy,"['Culture', 'Luxury']",high,"['Museums', 'Food Tour']"
u91,44,male,mexico,"['Beach', 'Adventure']",medium,"['Beach', 'Hiking']"
u92,26,other,germany,"['Historical', 'Culture']",low,"['Museums', 'Historical Sites']"
u93,35,female,china,"['City', 'Luxury']",high,"['Nightlife', 'Shopping']"
u94,30,male,spain,"['Adventure', 'Beach']",medium,"['Hiking', 'Beach']"
u95,49,female,united kingdom,"['Culture', 'Relaxation']",medium,"['Museums', 'Spa']"
u96,27,male,argentina,"['Adventure', 'Nature']",low,"['Hiking', 'Camping']"
u97,43,female,russia,"['City', 'Luxury']",high,"['Nightlife', 'Food Tour']"
u98,28,male,new zealand,"['Nature', 'Adventure']",medium,"['Hiking', 'Skiing']"
u99,37,female,netherlands,"['Relaxation', 'Culture']",medium,"['Beach', 'Museums']"
u100,32,male,india,"['Adventure', 'Culture']",low,"['Hiking', 'Museums']"
u101,39,female,united states,"['Luxury', 'Beach']",high,"['Beach', 'Nightlife']"
u102,45,male,france,"['Culture', 'Historical']",medium,"['Museums', 'Historical Sites']"
u103,26,female,australia,"['Adventure', 'Nature']",medium,"['Hiking', 'Beach']"
u104,47,other,canada,['Relaxation'],low,"['Beach', 'Spa']"
u105,30,male,japan,"['Culture', 'City']",high,"['Museums', 'Nightlife']"
u106,29,female,thailand,"['Beach', 'Adventure']",medium,"['Beach', 'Hiking']"
u107,41,male,brazil,"['Luxury', 'City']",high,"['Nightlife', 'Food Tour']"
u108,35,female,south africa,"['Nature', 'Culture']",low,"['Hiking', 'Museums']"
u109,24,male,sweden,"['Adventure', 'Relaxation']",medium,"['Skiing', 'Beach']"
u110,40,female,italy,"['Culture', 'Luxury']",high,"['Museums', 'Food Tour']"
u111,43,male,mexico,"['Beach', 'Adventure']",medium,"['Beach', 'Hiking']"
u112,27,other,germany,"['Historical', 'Culture']",low,"['Museums', 'Historical Sites']"
u113,34,female,china,"['City', 'Luxury']",high,"['Nightlife', 'Shopping']"
u114,31,male,spain,"['Adventure', 'Beach']",medium,"['Hiking', 'Beach']"
u115,48,female,united kingdom,"['Culture', 'Relaxation']",medium,"['Museums', 'Spa']"
u116,28,male,argentina,"['Adventure', 'Nature']",low,"['Hiking', 'Camping']"
u117,42,female,russia,"['City', 'Luxury']",high,"['Nightlife', 'Food Tour']"
u118,29,male,new zealand,"['Nature', 'Adventure']",medium,"['Hiking', 'Skiing']"
u119,36,female,netherlands,"['Relaxation', 'Culture']",medium,"['Beach', 'Museums']"
u120,33,male,india,"['Adventure', 'Culture']",low,"['Hiking', 'Museums']"
u121,38,female,united states,"['Luxury', 'Beach']",high,"['Beach', 'Nightlife']"
u122,44,male,france,"['Culture', 'Historical']",medium,"['Museums', 'Historical Sites']"
u123,27,female,australia,"['Adventure', 'Nature']",medium,"['Hiking', 'Beach']"
u124,46,other,canada,['Relaxation'],low,"['Beach', 'Spa']"
u125,31,male,japan,"['Culture', 'City']",high,"['Museums', 'Nightlife']"
u126,28,female,thailand,"['Beach', 'Adventure']",medium,"['Beach', 'Hiking']"
u127,40,male,brazil,"['Luxury', 'City']",high,"['Nightlife', 'Food Tour']"
u128,34,female,south africa,"['Nature', 'Culture']",low,"['Hiking', 'Museums']"
u129,25,male,sweden,"['Adventure', 'Relaxation']",medium,"['Skiing', 'Beach']"
u130,39,female,italy,"['Culture', 'Luxury']",high,"['Museums', 'Food Tour']"
u131,44,male,mexico,"['Beach', 'Adventure']",medium,"['Beach', 'Hiking']"
u132,26,other,germany,"['Historical', 'Culture']",low,"['Museums', 'Historical Sites']"
u133,35,female,china,"['City', 'Luxury']",high,"['Nightlife', 'Shopping']"
u134,30,male,spain,"['Adventure', 'Beach']",medium,"['Hiking', 'Beach']"
u135,49,female,united kingdom,"['Culture', 'Relaxation']",medium,"['Museums', 'Spa']"
u136,27,male,argentina,"['Adventure', 'Nature']",low,"['Hiking', 'Camping']"
u137,43,female,russia,"['City', 'Luxury']",high,"['Nightlife', 'Food Tour']"
u138,28,male,new zealand,"['Nature', 'Adventure']",medium,"['Hiking', 'Skiing']"
u139,37,female,netherlands,"['Relaxation', 'Culture']",medium,"['Beach', 'Museums']"
u140,32,male,india,"['Adventure', 'Culture']",low,"['Hiking', 'Museums']"
u141,39,female,united states,"['Luxury', 'Beach']",high,"['Beach', 'Nightlife']"
u142,45,male,france,"['Culture', 'Historical']",medium,"['Museums', 'Historical Sites']"
u143,26,female,australia,"['Adventure', 'Nature']",medium,"['Hiking', 'Beach']"
u144,47,other,canada,['Relaxation'],low,"['Beach', 'Spa']"
u145,30,male,japan,"['Culture', 'City']",high,"['Museums', 'Nightlife']"
u146,29,female,thailand,"['Beach', 'Adventure']",medium,"['Beach', 'Hiking']"
u147,41,male,brazil,"['Luxury', 'City']",high,"['Nightlife', 'Food Tour']"
u148,35,female,south africa,"['Nature', 'Culture']",low,"['Hiking', 'Museums']"
u149,24,male,sweden,"['Adventure', 'Relaxation']",medium,"['Skiing', 'Beach']"
u150,40,female,italy,"['Culture', 'Luxury']",high,"['Museums', 'Food Tour']"
u151,43,male,mexico,"['Beach', 'Adventure']",medium,"['Beach', 'Hiking']"
u152,27,other,germany,"['Historical', 'Culture']",low,"['Museums', 'Historical Sites']"
u153,34,female,china,"['City', 'Luxury']",high,"['Nightlife', 'Shopping']"
u154,31,male,spain,"['Adventure', 'Beach']",medium,"['Hiking', 'Beach']"
u155,48,female,united kingdom,"['Culture', 'Relaxation']",medium,"['Museums', 'Spa']"
u156,28,male,argentina,"['Adventure', 'Nature']",low,"['Hiking', 'Camping']"
u157,42,female,russia,"['City', 'Luxury']",high,"['Nightlife', 'Food Tour']"
u158,29,male,new zealand,"['Nature', 'Adventure']",medium,"['Hiking', 'Skiing']"
u159,36,female,netherlands,"['Relaxation', 'Culture']",medium,"['Beach', 'Museums']"
u160,33,male,india,"['Adventure', 'Culture']",low,"['Hiking', 'Museums']"
u161,38,female,united states,"['Luxury', 'Beach']",high,"['Beach', 'Nightlife']"
u162,44,male,france,"['Culture', 'Historical']",medium,"['Museums', 'Historical Sites']"
u163,27,female,australia,"['Adventure', 'Nature']",medium,"['Hiking', 'Beach']"
u164,46,other,canada,['Relaxation'],low,"['Beach', 'Spa']"
u165,31,male,japan,"['Culture', 'City']",high,"['Museums', 'Nightlife']"
u166,28,female,thailand,"['Beach', 'Adventure']",medium,"['Beach', 'Hiking']"
u167,40,male,brazil,"['Luxury', 'City']",high,"['Nightlife', 'Food Tour']"
u168,34,female,south africa,"['Nature', 'Culture']",low,"['Hiking', 'Museums']"
u169,25,male,sweden,"['Adventure', 'Relaxation']",medium,"['Skiing', 'Beach']"
u170,39,female,italy,"['Culture', 'Luxury']",high,"['Museums', 'Food Tour']"
u171,44,male,mexico,"['Beach', 'Adventure']",medium,"['Beach', 'Hiking']"
u172,26,other,germany,"['Historical', 'Culture']",low,"['Museums', 'Historical Sites']"
u173,35,female,china,"['City', 'Luxury']",high,"['Nightlife', 'Shopping']"
u174,30,male,spain,"['Adventure', 'Beach']",medium,"['Hiking', 'Beach']"
u175,49,female,united kingdom,"['Culture', 'Relaxation']",medium,"['Museums', 'Spa']"
u176,27,male,argentina,"['Adventure', 'Nature']",low,"['Hiking', 'Camping']"
u177,43,female,russia,"['City', 'Luxury']",high,"['Nightlife', 'Food Tour']"
u178,28,male,new zealand,"['Nature', 'Adventure']",medium,"['Hiking', 'Skiing']"
u179,36,female,netherlands,"['Relaxation', 'Culture']",medium,"['Beach', 'Museums']"
u180,33,male,india,"['Adventure', 'Culture']",low,"['Hiking', 'Museums']"
u181,38,female,united states,"['Luxury', 'Beach']",high,"['Beach', 'Nightlife']"
u182,44,male,france,"['Culture', 'Historical']",medium,"['Museums', 'Historical Sites']"
u183,27,female,australia,"['Adventure', 'Nature']",medium,"['Hiking', 'Beach']"
u184,46,other,canada,['Relaxation'],low,"['Beach', 'Spa']"
u185,31,male,japan,"['Culture', 'City']",high,"['Museums', 'Nightlife']"
u186,28,female,thailand,"['Beach', 'Adventure']",medium,"['Beach', 'Hiking']"
u187,40,male,brazil,"['Luxury', 'City']",high,"['Nightlife', 'Food Tour']"
u188,34,female,south africa,"['Nature', 'Culture']",low,"['Hiking', 'Museums']"
u189,25,male,sweden,"['Adventure', 'Relaxation']",medium,"['Skiing', 'Beach']"
u190,39,female,italy,"['Culture', 'Luxury']",high,"['Museums', 'Food Tour']"
u191,44,male,mexico,"['Beach', 'Adventure']",medium,"['Beach', 'Hiking']"
u192,26,other,germany,"['Historical', 'Culture']",low,"['Museums', 'Historical Sites']"
u193,35,female,china,"['City', 'Luxury']",high,"['Nightlife', 'Shopping']"
u194,30,male,spain,"['Adventure', 'Beach']",medium,"['Hiking', 'Beach']"
u195,49,female,united kingdom,"['Culture', 'Relaxation']",medium,"['Museums', 'Spa']"
u196,27,male,argentina,"['Adventure', 'Nature']",low,"['Hiking', 'Camping']"
u197,43,female,russia,"['City', 'Luxury']",high,"['Nightlife', 'Food Tour']"
u198,28,male,new zealand,"['Nature', 'Adventure']",medium,"['Hiking', 'Skiing']"
u199,37,female,netherlands,"['Relaxation', 'Culture']",medium,"['Beach', 'Museums']"
u200,32,male,india,"['Adventure', 'Culture']",low,"['Hiking', 'Museums']"
u201,39,female,united states,"['Luxury', 'Beach']",high,"['Beach', 'Nightlife']"
u202,45,male,france,"['Culture', 'Historical']",medium,"['Museums', 'Historical Sites']"
u203,26,female,australia,"['Adventure', 'Nature']",medium,"['Hiking', 'Beach']"
u204,47,other,canada,['Relaxation'],low,"['Beach', 'Spa']"
u205,30,male,japan,"['Culture', 'City']",high,"['Museums', 'Nightlife']"
u206,29,female,thailand,"['Beach', 'Adventure']",medium,"['Beach', 'Hiking']"
u207,41,male,brazil,"['Luxury', 'City']",high,"['Nightlife', 'Food Tour']"
u208,35,female,south africa,"['Nature', 'Culture']",low,"['Hiking', 'Museums']"
u209,24,male,sweden,"['Adventure', 'Relaxation']",medium,"['Skiing', 'Beach']"
u210,40,female,italy,"['Culture', 'Luxury']",high,"['Museums', 'Food Tour']"
u211,43,male,mexico,"['Beach', 'Adventure']",medium,"['Beach', 'Hiking']"
u212,27,other,germany,"['Historical', 'Culture']",low,"['Museums', 'Historical Sites']"
u213,34,female,china,"['City', 'Luxury']",high,"['Nightlife', 'Shopping']"
u214,31,male,spain,"['Adventure', 'Beach']",medium,"['Hiking', 'Beach']"
u215,48,female,united kingdom,"['Culture', 'Relaxation']",medium,"['Museums', 'Spa']"
u216,28,male,argentina,"['Adventure', 'Nature']",low,"['Hiking', 'Camping']"
u217,42,female,russia,"['City', 'Luxury']",high,"['Nightlife', 'Food Tour']"
u218,29,male,new zealand,"['Nature', 'Adventure']",medium,"['Hiking', 'Skiing']"
u219,36,female,netherlands,"['Relaxation', 'Culture']",medium,"['Beach', 'Museums']"
u220,33,male,india,"['Adventure', 'Culture']",low,"['Hiking', 'Museums']"
u221,38,female,united states,"['Luxury', 'Beach']",high,"['Beach', 'Nightlife']"
u222,44,male,france,"['Culture', 'Historical']",medium,"['Museums', 'Historical Sites']"
u223,27,female,australia,"['Adventure', 'Nature']",medium,"['Hiking', 'Beach']"
u224,46,other,canada,['Relaxation'],low,"['Beach', 'Spa']"
u225,31,male,japan,"['Culture', 'City']",high,"['Museums', 'Nightlife']"
u226,28,female,thailand,"['Beach', 'Adventure']",medium,"['Beach', 'Hiking']"
u227,40,male,brazil,"['Luxury', 'City']",high,"['Nightlife', 'Food Tour']"
u228,34,female,south africa,"['Nature', 'Culture']",low,"['Hiking', 'Museums']"
u229,25,male,sweden,"['Adventure', 'Relaxation']",medium,"['Skiing', 'Beach']"
u230,39,female,italy,"['Culture', 'Luxury']",high,"['Museums', 'Food Tour']"
u231,44,male,mexico,"['Beach', 'Adventure']",medium,"['Beach', 'Hiking']"
u232,26,other,germany,"['Historical', 'Culture']",low,"['Museums', 'Historical Sites']"
u233,35,female,china,"['City', 'Luxury']",high,"['Nightlife', 'Shopping']"
u234,30,male,spain,"['Adventure', 'Beach']",medium,"['Hiking', 'Beach']"
u235,49,female,united kingdom,"['Culture', 'Relaxation']",medium,"['Museums', 'Spa']"
u236,27,male,argentina,"['Adventure', 'Nature']",low,"['Hiking', 'Camping']"
u237,43,female,russia,"['City', 'Luxury']",high,"['Nightlife', 'Food Tour']"
u238,28,male,new zealand,"['Nature', 'Adventure']",medium,"['Hiking', 'Skiing']"
u239,36,female,netherlands,"['Relaxation', 'Culture']",medium,"['Beach', 'Museums']"
u240,33,male,india,"['Adventure', 'Culture']",low,"['Hiking', 'Museums']"
u241,38,female,united states,"['Luxury', 'Beach']",high,"['Beach', 'Nightlife']"
u242,44,male,france,"['Culture', 'Historical']",medium,"['Museums', 'Historical Sites']"
u243,27,female,australia,"['Adventure', 'Nature']",medium,"['Hiking', 'Beach']"
u244,46,other,canada,['Relaxation'],low,"['Beach', 'Spa']"
u245,31,male,japan,"['Culture', 'City']",high,"['Museums', 'Nightlife']"
u246,28,female,thailand,"['Beach', 'Adventure']",medium,"['Beach', 'Hiking']"
u247,40,male,brazil,"['Luxury', 'City']",high,"['Nightlife', 'Food Tour']"
u248,34,female,south africa,"['Nature', 'Culture']",low,"['Hiking', 'Museums']"
u249,25,male,sweden,"['Adventure', 'Relaxation']",medium,"['Skiing', 'Beach']"
u250,39,female,italy,"['Culture', 'Luxury']",high,"['Museums', 'Food Tour']"
u251,44,male,mexico,"['Beach', 'Adventure']",medium,"['Beach', 'Hiking']"
u252,26,other,germany,"['Historical', 'Culture']",low,"['Museums', 'Historical Sites']"
u253,35,female,china,"['City', 'Luxury']",high,"['Nightlife', 'Shopping']"
u254,30,male,spain,"['Adventure', 'Beach']",medium,"['Hiking', 'Beach']"
u255,49,female,united kingdom,"['Culture', 'Relaxation']",medium,"['Museums', 'Spa']"
u256,27,male,argentina,"['Adventure', 'Nature']",low,"['Hiking', 'Camping']"
u257,43,female,russia,"['City', 'Luxury']",high,"['Nightlife', 'Food Tour']"
u258,28,male,new zealand,"['Nature', 'Adventure']",medium,"['Hiking', 'Skiing']"
u259,36,female,netherlands,"['Relaxation', 'Culture']",medium,"['Beach', 'Museums']"
u260,33,male,india,"['Adventure', 'Culture']",low,"['Hiking', 'Museums']"
u261,38,female,united states,"['Luxury', 'Beach']",high,"['Beach', 'Nightlife']"
u262,44,male,france,"['Culture', 'Historical']",medium,"['Museums', 'Historical Sites']"
u263,27,female,australia,"['Adventure', 'Nature']",medium,"['Hiking', 'Beach']"
u264,46,other,canada,['Relaxation'],low,"['Beach', 'Spa']"
u265,31,male,japan,"['Culture', 'City']",high,"['Museums', 'Nightlife']"
u266,28,female,thailand,"['Beach', 'Adventure']",medium,"['Beach', 'Hiking']"
u267,40,male,brazil,"['Luxury', 'City']",high,"['Nightlife', 'Food Tour']"
u268,34,female,south africa,"['Nature', 'Culture']",low,"['Hiking', 'Museums']"
u269,25,male,sweden,"['Adventure', 'Relaxation']",medium,"['Skiing', 'Beach']"
u270,39,female,italy,"['Culture', 'Luxury']",high,"['Museums', 'Food Tour']"
u271,44,male,mexico,"['Beach', 'Adventure']",medium,"['Beach', 'Hiking']"
u272,26,other,germany,"['Historical', 'Culture']",low,"['Museums', 'Historical Sites']"
u273,35,female,china,"['City', 'Luxury']",high,"['Nightlife', 'Shopping']"
u274,30,male,spain,"['Adventure', 'Beach']",medium,"['Hiking', 'Beach']"
u275,49,female,united kingdom,"['Culture', 'Relaxation']",medium,"['Museums', 'Spa']"
u276,27,male,argentina,"['Adventure', 'Nature']",low,"['Hiking', 'Camping']"
u277,43,female,russia,"['City', 'Luxury']",high,"['Nightlife', 'Food Tour']"
u278,28,male,new zealand,"['Nature', 'Adventure']",medium,"['Hiking', 'Skiing']"
u279,36,female,netherlands,"['Relaxation', 'Culture']",medium,"['Beach', 'Museums']"
u280,33,male,india,"['Adventure', 'Culture']",low,"['Hiking', 'Museums']"
u281,38,female,united states,"['Luxury', 'Beach']",high,"['Beach', 'Nightlife']"
u282,44,male,france,"['Culture', 'Historical']",medium,"['Museums', 'Historical Sites']"
u283,27,female,australia,"['Adventure', 'Nature']",medium,"['Hiking', 'Beach']"
u284,46,other,canada,['Relaxation'],low,"['Beach', 'Spa']"
u285,31,male,japan,"['Culture', 'City']",high,"['Museums', 'Nightlife']"
u286,28,female,thailand,"['Beach', 'Adventure']",medium,"['Beach', 'Hiking']"
u287,40,male,brazil,"['Luxury', 'City']",high,"['Nightlife', 'Food Tour']"
u288,34,female,south africa,"['Nature', 'Culture']",low,"['Hiking', 'Museums']"
u289,25,male,sweden,"['Adventure', 'Relaxation']",medium,"['Skiing', 'Beach']"
u290,39,female,italy,"['Culture', 'Luxury']",high,"['Museums', 'Food Tour']"
u291,44,male,mexico,"['Beach', 'Adventure']",medium,"['Beach', 'Hiking']"
u292,26,other,germany,"['Historical', 'Culture']",low,"['Museums', 'Historical Sites']"
u293,35,female,china,"['City', 'Luxury']",high,"['Nightlife', 'Shopping']"
u294,30,male,spain,"['Adventure', 'Beach']",medium,"['Hiking', 'Beach']"
u295,49,female,united kingdom,"['Culture', 'Relaxation']",medium,"['Museums', 'Spa']"
u296,27,male,argentina,"['Adventure', 'Nature']",low,"['Hiking', 'Camping']"
u297,43,female,russia,"['City', 'Luxury']",high,"['Nightlife', 'Food Tour']"
u298,28,male,new zealand,"['Nature', 'Adventure']",medium,"['Hiking', 'Skiing']"
u299,36,female,netherlands,"['Relaxation', 'Culture']",medium,"['Beach', 'Museums']"
u300,33,male,india,"['Adventure', 'Culture']",low,"['Hiking', 'Museums']"
u301,38,female,united states,"['Luxury', 'Beach']",high,"['Beach', 'Nightlife']"
u302,44,male,france,"['Culture', 'Historical']",medium,"['Museums', 'Historical Sites']"
u303,27,female,australia,"['Adventure', 'Nature']",medium,"['Hiking', 'Beach']"
u304,46,other,canada,['Relaxation'],low,"['Beach', 'Spa']"
u305,31,male,japan,"['Culture', 'City']",high,"['Museums', 'Nightlife']"
u306,28,female,thailand,"['Beach', 'Adventure']",medium,"['Beach', 'Hiking']"
u307,40,male,brazil,"['Luxury', 'City']",high,"['Nightlife', 'Food Tour']"
u308,34,female,south africa,"['Nature', 'Culture']",low,"['Hiking', 'Museums']"
u309,25,male,sweden,"['Adventure', 'Relaxation']",medium,"['Skiing', 'Beach']"
u310,39,female,italy,"['Culture', 'Luxury']",high,"['Museums', 'Food Tour']"
u311,44,male,mexico,"['Beach', 'Adventure']",medium,"['Beach', 'Hiking']"
u312,26,other,germany,"['Historical', 'Culture']",low,"['Museums', 'Historical Sites']"
u313,35,female,china,"['City', 'Luxury']",high,"['Nightlife', 'Shopping']"
u314,30,male,spain,"['Adventure', 'Beach']",medium,"['Hiking', 'Beach']"
u315,48,female,united kingdom,"['Culture', 'Relaxation']",medium,"['Museums', 'Spa']"
u316,28,male,argentina,"['Adventure', 'Nature']",low,"['Hiking', 'Camping']"
u317,42,female,russia,"['City', 'Luxury']",high,"['Nightlife', 'Food Tour']"
u318,29,male,new zealand,"['Nature', 'Adventure']",medium,"['Hiking', 'Skiing']"
u319,36,female,netherlands,"['Relaxation', 'Culture']",medium,"['Beach', 'Museums']"
u320,33,male,india,"['Adventure', 'Culture']",low,"['Hiking', 'Museums']"
u321,38,female,united states,"['Luxury', 'Beach']",high,"['Beach', 'Nightlife']"
u322,44,male,france,"['Culture', 'Historical']",medium,"['Museums', 'Historical Sites']"
u323,27,female,australia,"['Adventure', 'Nature']",medium,"['Hiking', 'Beach']"
u324,46,other,canada,['Relaxation'],low,"['Beach', 'Spa']"
u325,31,male,japan,"['Culture', 'City']",high,"['Museums', 'Nightlife']"
u326,28,female,thailand,"['Beach', 'Adventure']",medium,"['Beach', 'Hiking']"
u327,40,male,brazil,"['Luxury', 'City']",high,"['Nightlife', 'Food Tour']"
u328,34,female,south africa,"['Nature', 'Culture']",low,"['Hiking', 'Museums']"
u329,25,male,sweden,"['Adventure', 'Relaxation']",medium,"['Skiing', 'Beach']"
u330,39,female,italy,"['Culture', 'Luxury']",high,"['Museums', 'Food Tour']"
u331,44,male,mexico,"['Beach', 'Adventure']",medium,"['Beach', 'Hiking']"
u332,26,other,germany,"['Historical', 'Culture']",low,"['Museums', 'Historical Sites']"
u333,35,female,china,"['City', 'Luxury']",high,"['Nightlife', 'Shopping']"
u334,30,male,spain,"['Adventure', 'Beach']",medium,"['Hiking', 'Beach']"
u335,49,female,united kingdom,"['Culture', 'Relaxation']",medium,"['Museums', 'Spa']"
u336,27,male,argentina,"['Adventure', 'Nature']",low,"['Hiking', 'Camping']"
u337,43,female,russia,"['City', 'Luxury']",high,"['Nightlife', 'Food Tour']"
u338,28,male,new zealand,"['Nature', 'Adventure']",medium,"['Hiking', 'Skiing']"
u339,36,female,netherlands,"['Relaxation', 'Culture']",medium,"['Beach', 'Museums']"
u340,33,male,india,"['Adventure', 'Culture']",low,"['Hiking', 'Museums']"
u341,38,female,united states,"['Luxury', 'Beach']",high,"['Beach', 'Nightlife']"
u342,44,male,france,"['Culture', 'Historical']",medium,"['Museums', 'Historical Sites']"
u343,27,female,australia,"['Adventure', 'Nature']",medium,"['Hiking', 'Beach']"
u344,46,other,canada,['Relaxation'],low,"['Beach', 'Spa']"
u345,31,male,japan,"['Culture', 'City']",high,"['Museums', 'Nightlife']"
u346,28,female,thailand,"['Beach', 'Adventure']",medium,"['Beach', 'Hiking']"
u347,40,male,brazil,"['Luxury', 'City']",high,"['Nightlife', 'Food Tour']"
u348,34,female,south africa,"['Nature', 'Culture']",low,"['Hiking', 'Museums']"
u349,25,male,sweden,"['Adventure', 'Relaxation']",medium,"['Skiing', 'Beach']"
u350,39,female,italy,"['Culture', 'Luxury']",high,"['Museums', 'Food Tour']"
u351,44,male,mexico,"['Beach', 'Adventure']",medium,"['Beach', 'Hiking']"
u352,26,other,germany,"['Historical', 'Culture']",low,"['Museums', 'Historical Sites']"
u353,35,female,china,"['City', 'Luxury']",high,"['Nightlife', 'Shopping']"
u354,30,male,spain,"['Adventure', 'Beach']",medium,"['Hiking', 'Beach']"
u355,49,female,united kingdom,"['Culture', 'Relaxation']",medium,"['Museums', 'Spa']"
u356,27,male,argentina,"['Adventure', 'Nature']",low,"['Hiking', 'Camping']"
u357,43,female,russia,"['City', 'Luxury']",high,"['Nightlife', 'Food Tour']"
u358,28,male,new zealand,"['Nature', 'Adventure']",medium,"['Hiking', 'Skiing']"
u359,36,female,netherlands,"['Relaxation', 'Culture']",medium,"['Beach', 'Museums']"
u360,33,male,india,"['Adventure', 'Culture']",low,"['Hiking', 'Museums']"
u361,38,female,united states,"['Luxury', 'Beach']",high,"['Beach', 'Nightlife']"
u362,44,male,france,"['Culture', 'Historical']",medium,"['Museums', 'Historical Sites']"
u363,27,female,australia,"['Adventure', 'Nature']",medium,"['Hiking', 'Beach']"
u364,46,other,canada,['Relaxation'],low,"['Beach', 'Spa']"
u365,31,male,japan,"['Culture', 'City']",high,"['Museums', 'Nightlife']"
u366,28,female,thailand,"['Beach', 'Adventure']",medium,"['Beach', 'Hiking']"
u367,40,male,brazil,"['Luxury', 'City']",high,"['Nightlife', 'Food Tour']"
u368,34,female,south africa,"['Nature', 'Culture']",low,"['Hiking', 'Museums']"
u369,25,male,sweden,"['Adventure', 'Relaxation']",medium,"['Skiing', 'Beach']"
u370,39,female,italy,"['Culture', 'Luxury']",high,"['Museums', 'Food Tour']"
u371,44,male,mexico,"['Beach', 'Adventure']",medium,"['Beach', 'Hiking']"
u372,26,other,germany,"['Historical', 'Culture']",low,"['Museums', 'Historical Sites']"
u373,35,female,china,"['City', 'Luxury']",high,"['Nightlife', 'Shopping']"
u374,30,male,spain,"['Adventure', 'Beach']",medium,"['Hiking', 'Beach']"
u375,49,female,united kingdom,"['Culture', 'Relaxation']",medium,"['Museums', 'Spa']"
u376,27,male,argentina,"['Adventure', 'Nature']",low,"['Hiking', 'Camping']"
u377,43,female,russia,"['City', 'Luxury']",high,"['Nightlife', 'Food Tour']"
u378,28,male,new zealand,"['Nature', 'Adventure']",medium,"['Hiking', 'Skiing']"
u379,36,female,netherlands,"['Relaxation', 'Culture']",medium,"['Beach', 'Museums']"
u380,33,male,india,"['Adventure', 'Culture']",low,"['Hiking', 'Museums']"
u381,38,female,united states,"['Luxury', 'Beach']",high,"['Beach', 'Nightlife']"
u382,44,male,france,"['Culture', 'Historical']",medium,"['Museums', 'Historical Sites']"
u383,27,female,australia,"['Adventure', 'Nature']",medium,"['Hiking', 'Beach']"
u384,46,other,canada,['Relaxation'],low,"['Beach', 'Spa']"
u385,31,male,japan,"['Culture', 'City']",high,"['Museums', 'Nightlife']"
u386,28,female,thailand,"['Beach', 'Adventure']",medium,"['Beach', 'Hiking']"
u387,40,male,brazil,"['Luxury', 'City']",high,"['Nightlife', 'Food Tour']"
u388,34,female,south africa,"['Nature', 'Culture']",low,"['Hiking', 'Museums']"
u389,25,male,sweden,"['Adventure', 'Relaxation']",medium,"['Skiing', 'Beach']"
u390,39,female,italy,"['Culture', 'Luxury']",high,"['Museums', 'Food Tour']"
u391,44,male,mexico,"['Beach', 'Adventure']",medium,"['Beach', 'Hiking']"
u392,26,other,germany,"['Historical', 'Culture']",low,"['Museums', 'Historical Sites']"
u393,35,female,china,"['City', 'Luxury']",high,"['Nightlife', 'Shopping']"
u394,30,male,spain,"['Adventure', 'Beach']",medium,"['Hiking', 'Beach']"
u395,49,female,united kingdom,"['Culture', 'Relaxation']",medium,"['Museums', 'Spa']"
u396,27,male,argentina,"['Adventure', 'Nature']",low,"['Hiking', 'Camping']"
u397,43,female,russia,"['City', 'Luxury']",high,"['Nightlife', 'Food Tour']"
u398,28,male,new zealand,"['Nature', 'Adventure']",medium,"['Hiking', 'Skiing']"
u399,36,female,netherlands,"['Relaxation', 'Culture']",medium,"['Beach', 'Museums']"
u400,33,male,india,"['Adventure', 'Culture']",low,"['Hiking', 'Museums']"
u401,38,female,united states,"['Luxury', 'Beach']",high,"['Beach', 'Nightlife']"
u402,44,male,france,"['Culture', 'Historical']",medium,"['Museums', 'Historical Sites']"
u403,27,female,australia,"['Adventure', 'Nature']",medium,"['Hiking', 'Beach']"
u404,46,other,canada,['Relaxation'],low,"['Beach', 'Spa']"
u405,31,male,japan,"['Culture', 'City']",high,"['Museums', 'Nightlife']"
u406,28,female,thailand,"['Beach', 'Adventure']",medium,"['Beach', 'Hiking']"
u407,40,male,brazil,"['Luxury', 'City']",high,"['Nightlife', 'Food Tour']"
u408,34,female,south africa,"['Nature', 'Culture']",low,"['Hiking', 'Museums']"
u409,25,male,sweden,"['Adventure', 'Relaxation']",medium,"['Skiing', 'Beach']"
u410,39,female,italy,"['Culture', 'Luxury']",high,"['Museums', 'Food Tour']"
u411,44,male,mexico,"['Beach', 'Adventure']",medium,"['Beach', 'Hiking']"
u412,26,other,germany,"['Historical', 'Culture']",low,"['Museums', 'Historical Sites']"
u413,35,female,china,"['City', 'Luxury']",high,"['Nightlife', 'Shopping']"
u414,30,male,spain,"['Adventure', 'Beach']",medium,"['Hiking', 'Beach']"
u415,49,female,united kingdom,"['Culture', 'Relaxation']",medium,"['Museums', 'Spa']"
u416,27,male,argentina,"['Adventure', 'Nature']",low,"['Hiking', 'Camping']"
u417,43,female,russia,"['City', 'Luxury']",high,"['Nightlife', 'Food Tour']"
u418,28,male,new zealand,"['Nature', 'Adventure']",medium,"['Hiking', 'Skiing']"
u419,36,female,netherlands,"['Relaxation', 'Culture']",medium,"['Beach', 'Museums']"
u420,33,male,india,"['Adventure', 'Culture']",low,"['Hiking', 'Museums']"
u421,38,female,united states,"['Luxury', 'Beach']",high,"['Beach', 'Nightlife']"
u422,44,male,france,"['Culture', 'Historical']",medium,"['Museums', 'Historical Sites']"
u423,27,female,australia,"['Adventure', 'Nature']",medium,"['Hiking', 'Beach']"
u424,46,other,canada,['Relaxation'],low,"['Beach', 'Spa']"
u425,31,male,japan,"['Culture', 'City']",high,"['Museums', 'Nightlife']"
u426,28,female,thailand,"['Beach', 'Adventure']",medium,"['Beach', 'Hiking']"
u427,40,male,brazil,"['Luxury', 'City']",high,"['Nightlife', 'Food Tour']"
u428,34,female,south africa,"['Nature', 'Culture']",low,"['Hiking', 'Museums']"
u429,25,male,sweden,"['Adventure', 'Relaxation']",medium,"['Skiing', 'Beach']"
u430,39,female,italy,"['Culture', 'Luxury']",high,"['Museums', 'Food Tour']"
u431,44,male,mexico,"['Beach', 'Adventure']",medium,"['Beach', 'Hiking']"
u432,26,other,germany,"['Historical', 'Culture']",low,"['Museums', 'Historical Sites']"
u433,35,female,china,"['City', 'Luxury']",high,"['Nightlife', 'Shopping']"
u434,30,male,spain,"['Adventure', 'Beach']",medium,"['Hiking', 'Beach']"
u435,49,female,united kingdom,"['Culture', 'Relaxation']",medium,"['Museums', 'Spa']"
u436,27,male,argentina,"['Adventure', 'Nature']",low,"['Hiking', 'Camping']"
u437,43,female,russia,"['City', 'Luxury']",high,"['Nightlife', 'Food Tour']"
u438,28,male,new zealand,"['Nature', 'Adventure']",medium,"['Hiking', 'Skiing']"
u439,36,female,netherlands,"['Relaxation', 'Culture']",medium,"['Beach', 'Museums']"
u440,33,male,india,"['Adventure', 'Culture']",low,"['Hiking', 'Museums']"
u441,38,female,united states,"['Luxury', 'Beach']",high,"['Beach', 'Nightlife']"
u442,44,male,france,"['Culture', 'Historical']",medium,"['Museums', 'Historical Sites']"
u443,27,female,australia,"['Adventure', 'Nature']",medium,"['Hiking', 'Beach']"
u444,46,other,canada,['Relaxation'],low,"['Beach', 'Spa']"
u445,31,male,japan,"['Culture', 'City']",high,"['Museums', 'Nightlife']"
u446,28,female,thailand,"['Beach', 'Adventure']",medium,"['Beach', 'Hiking']"
u447,40,male,brazil,"['Luxury', 'City']",high,"['Nightlife', 'Food Tour']"
u448,34,female,south africa,"['Nature', 'Culture']",low,"['Hiking', 'Museums']"
u449,25,male,sweden,"['Adventure', 'Relaxation']",medium,"['Skiing', 'Beach']"
u450,39,female,italy,"['Culture', 'Luxury']",high,"['Museums', 'Food Tour']"
u451,44,male,mexico,"['Beach', 'Adventure']",medium,"['Beach', 'Hiking']"
u452,26,other,germany,"['Historical', 'Culture']",low,"['Museums', 'Historical Sites']"
u453,35,female,china,"['City', 'Luxury']",high,"['Nightlife', 'Shopping']"
u454,30,male,spain,"['Adventure', 'Beach']",medium,"['Hiking', 'Beach']"
u455,49,female,united kingdom,"['Culture', 'Relaxation']",medium,"['Museums', 'Spa']"
u456,27,male,argentina,"['Adventure', 'Nature']",low,"['Hiking', 'Camping']"
u457,43,female,russia,"['City', 'Luxury']",high,"['Nightlife', 'Food Tour']"
u458,28,male,new zealand,"['Nature', 'Adventure']",medium,"['Hiking', 'Skiing']"
u459,36,female,netherlands,"['Relaxation', 'Culture']",medium,"['Beach', 'Museums']"
u460,33,male,india,"['Adventure', 'Culture']",low,"['Hiking', 'Museums']"
u461,38,female,united states,"['Luxury', 'Beach']",high,"['Beach', 'Nightlife']"
u462,44,male,france,"['Culture', 'Historical']",medium,"['Museums', 'Historical Sites']"
u463,27,female,australia,"['Adventure', 'Nature']",medium,"['Hiking', 'Beach']"
u464,46,other,canada,['Relaxation'],low,"['Beach', 'Spa']"
u465,31,male,japan,"['Culture', 'City']",high,"['Museums', 'Nightlife']"
u466,28,female,thailand,"['Beach', 'Adventure']",medium,"['Beach', 'Hiking']"
u467,40,male,brazil,"['Luxury', 'City']",high,"['Nightlife', 'Food Tour']"
u468,34,female,south africa,"['Nature', 'Culture']",low,"['Hiking', 'Museums']"
u469,25,male,sweden,"['Adventure', 'Relaxation']",medium,"['Skiing', 'Beach']"
u470,39,female,italy,"['Culture', 'Luxury']",high,"['Museums', 'Food Tour']"
u471,44,male,mexico,"['Beach', 'Adventure']",medium,"['Beach', 'Hiking']"
u472,26,other,germany,"['Historical', 'Culture']",low,"['Museums', 'Historical Sites']"
u473,35,female,china,"['City', 'Luxury']",high,"['Nightlife', 'Shopping']"
u474,30,male,spain,"['Adventure', 'Beach']",medium,"['Hiking', 'Beach']"
u475,49,female,united kingdom,"['Culture', 'Relaxation']",medium,"['Museums', 'Spa']"
u476,27,male,argentina,"['Adventure', 'Nature']",low,"['Hiking', 'Camping']"
u477,43,female,russia,"['City', 'Luxury']",high,"['Nightlife', 'Food Tour']"
u478,28,male,new zealand,"['Nature', 'Adventure']",medium,"['Hiking', 'Skiing']"
u479,36,female,netherlands,"['Relaxation', 'Culture']",medium,"['Beach', 'Museums']"
u480,33,male,india,"['Adventure', 'Culture']",low,"['Hiking', 'Museums']"
u481,38,female,united states,"['Luxury', 'Beach']",high,"['Beach', 'Nightlife']"
u482,44,male,france,"['Culture', 'Historical']",medium,"['Museums', 'Historical Sites']"
u483,27,female,australia,"['Adventure', 'Nature']",medium,"['Hiking', 'Beach']"
u484,46,other,canada,['Relaxation'],low,"['Beach', 'Spa']"
u485,31,male,japan,"['Culture', 'City']",high,"['Museums', 'Nightlife']"
u486,28,female,thailand,"['Beach', 'Adventure']",medium,"['Beach', 'Hiking']"
u487,40,male,brazil,"['Luxury', 'City']",high,"['Nightlife', 'Food Tour']"
u488,34,female,south africa,"['Nature', 'Culture']",low,"['Hiking', 'Museums']"
u489,25,male,sweden,"['Adventure', 'Relaxation']",medium,"['Skiing', 'Beach']"
u490,39,female,italy,"['Culture', 'Luxury']",high,"['Museums', 'Food Tour']"
u491,44,male,mexico,"['Beach', 'Adventure']",medium,"['Beach', 'Hiking']"
u492,26,other,germany,"['Historical', 'Culture']",low,"['Museums', 'Historical Sites']"
u493,35,female,china,"['City', 'Luxury']",high,"['Nightlife', 'Shopping']"
u494,30,male,spain,"['Adventure', 'Beach']",medium,"['Hiking', 'Beach']"
u495,49,female,united kingdom,"['Culture', 'Relaxation']",medium,"['Museums', 'Spa']"
u496,27,male,argentina,"['Adventure', 'Nature']",low,"['Hiking', 'Camping']"
u497,43,female,russia,"['City', 'Luxury']",high,"['Nightlife', 'Food Tour']"
u498,28,male,new zealand,"['Nature', 'Adventure']",medium,"['Hiking', 'Skiing']"
u499,36,female,netherlands,"['Relaxation', 'Culture']",medium,"['Beach', 'Museums']"
u500,33,male,india,"['Adventure', 'Culture']",low,"['Hiking', 'Museums']"
u501,38,female,united states,"['Luxury', 'Beach']",high,"['Beach', 'Nightlife']"
u502,44,male,france,"['Culture', 'Historical']",medium,"['Museums', 'Historical Sites']"
u503,27,female,australia,"['Adventure', 'Nature']",medium,"['Hiking', 'Beach']"
u504,46,other,canada,['Relaxation'],low,"['Beach', 'Spa']"
u505,31,male,japan,"['Culture', 'City']",high,"['Museums', 'Nightlife']"
u506,28,female,thailand,"['Beach', 'Adventure']",medium,"['Beach', 'Hiking']"
u507,40,male,brazil,"['Luxury', 'City']",high,"['Nightlife', 'Food Tour']"
u508,34,female,south africa,"['Nature', 'Culture']",low,"['Hiking', 'Museums']"
u509,25,male,sweden,"['Adventure', 'Relaxation']",medium,"['Skiing', 'Beach']"
u510,39,female,italy,"['Culture', 'Luxury']",high,"['Museums', 'Food Tour']"
u511,44,male,mexico,"['Beach', 'Adventure']",medium,"['Beach', 'Hiking']"
u512,26,other,germany,"['Historical', 'Culture']",low,"['Museums', 'Historical Sites']"
u513,35,female,china,"['City', 'Luxury']",high,"['Nightlife', 'Shopping']"
u514,30,male,spain,"['Adventure', 'Beach']",medium,"['Hiking', 'Beach']"
u515,49,female,united kingdom,"['Culture', 'Relaxation']",medium,"['Museums', 'Spa']"
u516,27,male,argentina,"['Adventure', 'Nature']",low,"['Hiking', 'Camping']"
u517,43,female,russia,"['City', 'Luxury']",high,"['Nightlife', 'Food Tour']"
u518,28,male,new zealand,"['Nature', 'Adventure']",medium,"['Hiking', 'Skiing']"
u519,36,female,netherlands,"['Relaxation', 'Culture']",medium,"['Beach', 'Museums']"
u520,33,male,india,"['Adventure', 'Culture']",low,"['Hiking', 'Museums']"
u521,38,female,united states,"['Luxury', 'Beach']",high,"['Beach', 'Nightlife']"
u522,44,male,france,"['Culture', 'Historical']",medium,"['Museums', 'Historical Sites']"
u523,27,female,australia,"['Adventure', 'Nature']",medium,"['Hiking', 'Beach']"
u524,46,other,canada,['Relaxation'],low,"['Beach', 'Spa']"
u525,31,male,japan,"['Culture', 'City']",high,"['Museums', 'Nightlife']"
u526,28,female,thailand,"['Beach', 'Adventure']",medium,"['Beach', 'Hiking']"
u527,40,male,brazil,"['Luxury', 'City']",high,"['Nightlife', 'Food Tour']"
u528,34,female,south africa,"['Nature', 'Culture']",low,"['Hiking', 'Museums']"
u529,25,male,sweden,"['Adventure', 'Relaxation']",medium,"['Skiing', 'Beach']"
u530,39,female,italy,"['Culture', 'Luxury']",high,"['Museums', 'Food Tour']"
u531,44,male,mexico,"['Beach', 'Adventure']",medium,"['Beach', 'Hiking']"
u532,26,other,germany,"['Historical', 'Culture']",low,"['Museums', 'Historical Sites']"
u533,35,female,china,"['City', 'Luxury']",high,"['Nightlife', 'Shopping']"
u534,30,male,spain,"['Adventure', 'Beach']",medium,"['Hiking', 'Beach']"
u535,49,female,united kingdom,"['Culture', 'Relaxation']",medium,"['Museums', 'Spa']"
u536,27,male,argentina,"['Adventure', 'Nature']",low,"['Hiking', 'Camping']"
u537,43,female,russia,"['City', 'Luxury']",high,"['Nightlife', 'Food Tour']"
u538,28,male,new zealand,"['Nature', 'Adventure']",medium,"['Hiking', 'Skiing']"
u539,36,female,netherlands,"['Relaxation', 'Culture']",medium,"['Beach', 'Museums']"
u540,33,male,india,"['Adventure', 'Culture']",low,"['Hiking', 'Museums']"
u541,38,female,united states,"['Luxury', 'Beach']",high,"['Beach', 'Nightlife']"
u542,44,male,france,"['Culture', 'Historical']",medium,"['Museums', 'Historical Sites']"
u543,27,female,australia,"['Adventure', 'Nature']",medium,"['Hiking', 'Beach']"
u544,46,other,canada,['Relaxation'],low,"['Beach', 'Spa']"
u545,31,male,japan,"['Culture', 'City']",high,"['Museums', 'Nightlife']"
u546,28,female,thailand,"['Beach', 'Adventure']",medium,"['Beach', 'Hiking']"
u547,40,male,brazil,"['Luxury', 'City']",high,"['Nightlife', 'Food Tour']"
u548,34,female,south africa,"['Nature', 'Culture']",low,"['Hiking', 'Museums']"
u549,25,male,sweden,"['Adventure', 'Relaxation']",medium,"['Skiing', 'Beach']"
u550,39,female,italy,"['Culture', 'Luxury']",high,"['Museums', 'Food Tour']"
u551,44,male,mexico,"['Beach', 'Adventure']",medium,"['Beach', 'Hiking']"
u552,26,other,germany,"['Historical', 'Culture']",low,"['Museums', 'Historical Sites']"
u553,35,female,china,"['City', 'Luxury']",high,"['Nightlife', 'Shopping']"
u554,30,male,spain,"['Adventure', 'Beach']",medium,"['Hiking', 'Beach']"
u555,49,female,united kingdom,"['Culture', 'Relaxation']",medium,"['Museums', 'Spa']"
u556,27,male,argentina,"['Adventure', 'Nature']",low,"['Hiking', 'Camping']"
u557,43,female,russia,"['City', 'Luxury']",high,"['Nightlife', 'Food Tour']"
u558,28,male,new zealand,"['Nature', 'Adventure']",medium,"['Hiking', 'Skiing']"
u559,36,female,netherlands,"['Relaxation', 'Culture']",medium,"['Beach', 'Museums']"
u560,33,male,india,"['Adventure', 'Culture']",low,"['Hiking', 'Museums']"
u561,38,female,united states,"['Luxury', 'Beach']",high,"['Beach', 'Nightlife']"
u562,44,male,france,"['Culture', 'Historical']",medium,"['Museums', 'Historical Sites']"
u563,27,female,australia,"['Adventure', 'Nature']",medium,"['Hiking', 'Beach']"
u564,46,other,canada,['Relaxation'],low,"['Beach', 'Spa']"
u565,31,male,japan,"['Culture', 'City']",high,"['Museums', 'Nightlife']"
u566,28,female,thailand,"['Beach', 'Adventure']",medium,"['Beach', 'Hiking']"
u567,40,male,brazil,"['Luxury', 'City']",high,"['Nightlife', 'Food Tour']"
u568,34,female,south africa,"['Nature', 'Culture']",low,"['Hiking', 'Museums']"
u569,25,male,sweden,"['Adventure', 'Relaxation']",medium,"['Skiing', 'Beach']"
u570,39,female,italy,"['Culture', 'Luxury']",high,"['Museums', 'Food Tour']"
u571,44,male,mexico,"['Beach', 'Adventure']",medium,"['Beach', 'Hiking']"
u572,26,other,germany,"['Historical', 'Culture']",low,"['Museums', 'Historical Sites']"
u573,35,female,china,"['City', 'Luxury']",high,"['Nightlife', 'Shopping']"
u574,30,male,spain,"['Adventure', 'Beach']",medium,"['Hiking', 'Beach']"
u575,49,female,united kingdom,"['Culture', 'Relaxation']",medium,"['Museums', 'Spa']"
u576,27,male,argentina,"['Adventure', 'Nature']",low,"['Hiking', 'Camping']"
u577,43,female,russia,"['City', 'Luxury']",high,"['Nightlife', 'Food Tour']"
u578,28,male,new zealand,"['Nature', 'Adventure']",medium,"['Hiking', 'Skiing']"
u579,36,female,netherlands,"['Relaxation', 'Culture']",medium,"['Beach', 'Museums']"
u580,33,male,india,"['Adventure', 'Culture']",low,"['Hiking', 'Museums']"
u581,38,female,united states,"['Luxury', 'Beach']",high,"['Beach', 'Nightlife']"
u582,44,male,france,"['Culture', 'Historical']",medium,"['Museums', 'Historical Sites']"
u583,27,female,australia,"['Adventure', 'Nature']",medium,"['Hiking', 'Beach']"
u584,46,other,canada,['Relaxation'],low,"['Beach', 'Spa']"
u585,31,male,japan,"['Culture', 'City']",high,"['Museums', 'Nightlife']"
u586,28,female,thailand,"['Beach', 'Adventure']",medium,"['Beach', 'Hiking']"
u587,40,male,brazil,"['Luxury', 'City']",high,"['Nightlife', 'Food Tour']"
u588,34,female,south africa,"['Nature', 'Culture']",low,"['Hiking', 'Museums']"
u589,25,male,sweden,"['Adventure', 'Relaxation']",medium,"['Skiing', 'Beach']"
u590,39,female,italy,"['Culture', 'Luxury']",high,"['Museums', 'Food Tour']"
u591,44,male,mexico,"['Beach', 'Adventure']",medium,"['Beach', 'Hiking']"
u592,26,other,germany,"['Historical', 'Culture']",low,"['Museums', 'Historical Sites']"
u593,35,female,china,"['City', 'Luxury']",high,"['Nightlife', 'Shopping']"
u594,30,male,spain,"['Adventure', 'Beach']",medium,"['Hiking', 'Beach']"
u595,49,female,united kingdom,"['Culture', 'Relaxation']",medium,"['Museums', 'Spa']"
u596,27,male,argentina,"['Adventure', 'Nature']",low,"['Hiking', 'Camping']"
u597,43,female,russia,"['City', 'Luxury']",high,"['Nightlife', 'Food Tour']"
u598,28,male,new zealand,"['Nature', 'Adventure']",medium,"['Hiking', 'Skiing']"
u599,36,female,netherlands,"['Relaxation', 'Culture']",medium,"['Beach', 'Museums']"
u600,33,male,india,"['Adventure', 'Culture']",low,"['Hiking', 'Museums']"
u601,38,female,united states,"['Luxury', 'Beach']",high,"['Beach', 'Nightlife']"
u602,44,male,france,"['Culture', 'Historical']",medium,"['Museums', 'Historical Sites']"
u603,27,female,australia,"['Adventure', 'Nature']",medium,"['Hiking', 'Beach']"
u604,46,other,canada,['Relaxation'],low,"['Beach', 'Spa']"
u605,31,male,japan,"['Culture', 'City']",high,"['Museums', 'Nightlife']"
u606,28,female,thailand,"['Beach', 'Adventure']",medium,"['Beach', 'Hiking']"
u607,40,male,brazil,"['Luxury', 'City']",high,"['Nightlife', 'Food Tour']"
u608,34,female,south africa,"['Nature', 'Culture']",low,"['Hiking', 'Museums']"
u609,25,male,sweden,"['Adventure', 'Relaxation']",medium,"['Skiing', 'Beach']"
u610,39,female,italy,"['Culture', 'Luxury']",high,"['Museums', 'Food Tour']"
u611,44,male,mexico,"['Beach', 'Adventure']",medium,"['Beach', 'Hiking']"
u612,26,other,germany,"['Historical', 'Culture']",low,"['Museums', 'Historical Sites']"
u613,35,female,china,"['City', 'Luxury']",high,"['Nightlife', 'Shopping']"
u614,30,male,spain,"['Adventure', 'Beach']",medium,"['Hiking', 'Beach']"
u615,49,female,united kingdom,"['Culture', 'Relaxation']",medium,"['Museums', 'Spa']"
u616,27,male,argentina,"['Adventure', 'Nature']",low,"['Hiking', 'Camping']"
u617,43,female,russia,"['City', 'Luxury']",high,"['Nightlife', 'Food Tour']"
u618,28,male,new zealand,"['Nature', 'Adventure']",medium,"['Hiking', 'Skiing']"
u619,36,female,netherlands,"['Relaxation', 'Culture']",medium,"['Beach', 'Museums']"
u620,33,male,india,"['Adventure', 'Culture']",low,"['Hiking', 'Museums']"
u621,38,female,united states,"['Luxury', 'Beach']",high,"['Beach', 'Nightlife']"
